-- MySQL dump 10.13  Distrib 5.5.35, for debian-linux-gnu (x86_64)
--
-- Host: localhost    Database: i2g_vathmoi
-- ------------------------------------------------------
-- Server version	5.5.35-0ubuntu0.12.04.2

/*!40101 SET @OLD_CHARACTER_SET_CLIENT=@@CHARACTER_SET_CLIENT */;
/*!40101 SET @OLD_CHARACTER_SET_RESULTS=@@CHARACTER_SET_RESULTS */;
/*!40101 SET @OLD_COLLATION_CONNECTION=@@COLLATION_CONNECTION */;
/*!40101 SET NAMES utf8 */;
/*!40103 SET @OLD_TIME_ZONE=@@TIME_ZONE */;
/*!40103 SET TIME_ZONE='+00:00' */;
/*!40014 SET @OLD_UNIQUE_CHECKS=@@UNIQUE_CHECKS, UNIQUE_CHECKS=0 */;
/*!40014 SET @OLD_FOREIGN_KEY_CHECKS=@@FOREIGN_KEY_CHECKS, FOREIGN_KEY_CHECKS=0 */;
/*!40101 SET @OLD_SQL_MODE=@@SQL_MODE, SQL_MODE='NO_AUTO_VALUE_ON_ZERO' */;
/*!40111 SET @OLD_SQL_NOTES=@@SQL_NOTES, SQL_NOTES=0 */;

--
-- Table structure for table `EXCELFILES`
--

DROP TABLE IF EXISTS `EXCELFILES`;
/*!40101 SET @saved_cs_client     = @@character_set_client */;
/*!40101 SET character_set_client = utf8 */;
CREATE TABLE `EXCELFILES` (
  `id` int(11) NOT NULL AUTO_INCREMENT,
  `filename` varchar(100) DEFAULT NULL,
  `teacher_id` int(11) NOT NULL,
  `uploaddate` datetime DEFAULT NULL,
  PRIMARY KEY (`id`),
  UNIQUE KEY `filename` (`filename`,`uploaddate`)
) ENGINE=InnoDB DEFAULT CHARSET=utf8;
/*!40101 SET character_set_client = @saved_cs_client */;

--
-- Dumping data for table `EXCELFILES`
--

LOCK TABLES `EXCELFILES` WRITE;
/*!40000 ALTER TABLE `EXCELFILES` DISABLE KEYS */;
/*!40000 ALTER TABLE `EXCELFILES` ENABLE KEYS */;
UNLOCK TABLES;

--
-- Table structure for table `GRADES`
--

DROP TABLE IF EXISTS `GRADES`;
/*!40101 SET @saved_cs_client     = @@character_set_client */;
/*!40101 SET character_set_client = utf8 */;
CREATE TABLE `GRADES` (
  `student_id` int(11) NOT NULL DEFAULT '0',
  `schoolcourse_id` int(11) NOT NULL DEFAULT '0',
  `term` varchar(100) DEFAULT NULL,
  `grade` double DEFAULT NULL,
  `locked` tinyint(1) NOT NULL DEFAULT '0',
  PRIMARY KEY (`student_id`,`schoolcourse_id`),
  KEY `GRADES_ibfk_2` (`schoolcourse_id`),
  CONSTRAINT `GRADES_ibfk_1` FOREIGN KEY (`student_id`) REFERENCES `STUDENTS` (`id`) ON DELETE CASCADE ON UPDATE CASCADE,
  CONSTRAINT `GRADES_ibfk_2` FOREIGN KEY (`schoolcourse_id`) REFERENCES `SCHOOLCOURSES` (`id`) ON DELETE CASCADE ON UPDATE CASCADE
) ENGINE=InnoDB DEFAULT CHARSET=utf8;
/*!40101 SET character_set_client = @saved_cs_client */;

--
-- Dumping data for table `GRADES`
--

LOCK TABLES `GRADES` WRITE;
/*!40000 ALTER TABLE `GRADES` DISABLE KEYS */;
/*!40000 ALTER TABLE `GRADES` ENABLE KEYS */;
UNLOCK TABLES;

--
-- Table structure for table `SCHOOLCLASSES`
--

DROP TABLE IF EXISTS `SCHOOLCLASSES`;
/*!40101 SET @saved_cs_client     = @@character_set_client */;
/*!40101 SET character_set_client = utf8 */;
CREATE TABLE `SCHOOLCLASSES` (
  `id` int(11) NOT NULL AUTO_INCREMENT,
  `classlevel` varchar(100) DEFAULT NULL,
  `classnumber` varchar(100) DEFAULT NULL,
  `school_id` int(11) DEFAULT NULL,
  `startyear` int(11) DEFAULT NULL,
  PRIMARY KEY (`id`),
  UNIQUE KEY `classname` (`classlevel`,`school_id`,`startyear`),
  KEY `school_id` (`school_id`),
  KEY `startyear` (`startyear`),
  CONSTRAINT `SCHOOLCLASSES_ibfk_1` FOREIGN KEY (`school_id`) REFERENCES `SCHOOLS` (`id`),
  CONSTRAINT `SCHOOLCLASSES_ibfk_2` FOREIGN KEY (`startyear`) REFERENCES `SCHOOLYEARS` (`startyear`)
) ENGINE=InnoDB AUTO_INCREMENT=1723 DEFAULT CHARSET=utf8;
/*!40101 SET character_set_client = @saved_cs_client */;

--
-- Dumping data for table `SCHOOLCLASSES`
--

LOCK TABLES `SCHOOLCLASSES` WRITE;
/*!40000 ALTER TABLE `SCHOOLCLASSES` DISABLE KEYS */;
INSERT INTO `SCHOOLCLASSES` VALUES (1674,'Î‘1','Î‘',1763010,2013),(1675,'Î‘2','Î‘',1763010,2013),(1676,'Î‘3','Î‘',1763010,2013),(1677,'Î‘4','Î‘',1763010,2013),(1678,'Î‘Pr1','Î‘',1763010,2013),(1679,'Î‘Pr2','Î‘',1763010,2013),(1680,'Î‘Pr3','Î‘',1763010,2013),(1681,'Î‘Pr4','Î‘',1763010,2013),(1682,'Î‘Pr5','Î‘',1763010,2013),(1683,'Î‘Î•-Î”Î¹Î±Ï‡Î¦Î 1','Î‘',1763010,2013),(1684,'Î‘Î•-Î”Î¹Î±Ï‡Î¦Î 2','Î‘',1763010,2013),(1685,'Î‘Î•-Î•Ï†Î Î»1','Î‘',1763010,2013),(1686,'Î‘Î•-Î•Ï†Î Î»2','Î‘',1763010,2013),(1687,'Î‘Îž-Î‘Î³Î³Î»1','Î‘',1763010,2013),(1688,'Î‘Îž-Î‘Î³Î³Î»2','Î‘',1763010,2013),(1689,'Î‘Îž-Î‘Î³Î³Î»3','Î‘',1763010,2013),(1690,'Î‘Îž-Î‘Î³Î³Î»4','Î‘',1763010,2013),(1691,'Î‘-1','Î‘',1740300,2013),(1692,'Î‘-2','Î‘',1740300,2013),(1693,'Î‘-3','Î‘',1740300,2013),(1694,'Î‘-Î•Î•1-Î‘','Î‘',1740300,2013),(1695,'Î‘-Î•Î•2-Î‘','Î‘',1740300,2013),(1696,'Î‘-Î•Î•3-Î‘','Î‘',1740300,2013),(1697,'Î‘-Î•Î•4-Î‘','Î‘',1740300,2013),(1698,'Î‘-Î•Î•5-Î‘','Î‘',1740300,2013),(1699,'Î‘-Îž1','Î‘',1740300,2013),(1700,'Î‘-Îž2','Î‘',1740300,2013),(1701,'Î‘-Îž3','Î‘',1740300,2013),(1702,'Î‘-Î¤1','Î‘',1740300,2013),(1703,'Î‘-Î¤2','Î‘',1740300,2013),(1704,'Î‘-Î¥1','Î‘',1740300,2013),(1705,'Î‘-Î¥2','Î‘',1740300,2013),(1706,'Î’-(Î“ÎµÏ‰)','Î’',1740300,2013),(1707,'Î“-(Î“ÎµÏ‰)','Î“',1740300,2013),(1708,'Î“-(Î—Î»Î³)','Î“',1740300,2013),(1709,'Î“-(Î—Î»Î½)','Î“',1740300,2013),(1710,'Î“-(ÎœÎ·Ï‡)','Î“',1740300,2013),(1711,'Î“-(ÎŸÎ¹Îº)','Î“',1740300,2013),(1712,'Î“-(ÎŸÏ‡Î·)','Î“',1740300,2013),(1713,'Î“-(Î Î»Î·)','Î“',1740300,2013),(1714,'Î“-(Î¨Ï…Îº)','Î“',1740300,2013),(1715,'Î“1 (Î“ÎŸÎ§)','Î“',1740300,2013),(1716,'Î“2 (Î“Î +Î“Î—Î+Î“ÎŸÎ™Îš)','Î“',1740300,2013),(1717,'Î“3 (Î“Î“+Î“Î›+Î“Î¨)','Î“',1740300,2013),(1718,'Î“4 (Î“Î¥+Î“Îœ)','Î“',1740300,2013),(1719,'Î“-Î• (Î’Î™ÎŸ)','Î“',1740300,2013),(1720,'Î“-Î• (ÎŸÎ™Îš)','Î“',1740300,2013),(1721,'Î“-Î•1 (ÎœÎ‘Î˜)','Î“',1740300,2013),(1722,'Î“-Î•2 (ÎœÎ‘Î˜)','Î“',1740300,2013);
/*!40000 ALTER TABLE `SCHOOLCLASSES` ENABLE KEYS */;
UNLOCK TABLES;

--
-- Table structure for table `SCHOOLCLASSREGISTRATIONS`
--

DROP TABLE IF EXISTS `SCHOOLCLASSREGISTRATIONS`;
/*!40101 SET @saved_cs_client     = @@character_set_client */;
/*!40101 SET character_set_client = utf8 */;
CREATE TABLE `SCHOOLCLASSREGISTRATIONS` (
  `id` int(11) NOT NULL AUTO_INCREMENT,
  `student_id` int(11) DEFAULT NULL,
  `schoolclass_id` int(11) DEFAULT NULL,
  PRIMARY KEY (`id`),
  KEY `student_id` (`student_id`),
  KEY `class_id` (`schoolclass_id`),
  CONSTRAINT `SCHOOLCLASSREGISTRATIONS_ibfk_1` FOREIGN KEY (`student_id`) REFERENCES `STUDENTS` (`id`),
  CONSTRAINT `SCHOOLCLASSREGISTRATIONS_ibfk_2` FOREIGN KEY (`schoolclass_id`) REFERENCES `SCHOOLCLASSES` (`id`)
) ENGINE=InnoDB AUTO_INCREMENT=13065 DEFAULT CHARSET=utf8;
/*!40101 SET character_set_client = @saved_cs_client */;

--
-- Dumping data for table `SCHOOLCLASSREGISTRATIONS`
--

LOCK TABLES `SCHOOLCLASSREGISTRATIONS` WRITE;
/*!40000 ALTER TABLE `SCHOOLCLASSREGISTRATIONS` DISABLE KEYS */;
INSERT INTO `SCHOOLCLASSREGISTRATIONS` VALUES (12143,831,1674),(12144,832,1674),(12145,833,1674),(12146,834,1674),(12147,835,1674),(12148,836,1674),(12149,837,1674),(12150,838,1674),(12151,839,1674),(12152,840,1674),(12153,841,1674),(12154,842,1674),(12155,843,1674),(12156,844,1674),(12157,845,1674),(12158,846,1674),(12159,847,1674),(12160,848,1674),(12161,849,1674),(12162,850,1674),(12163,851,1674),(12164,852,1674),(12165,853,1674),(12166,854,1674),(12167,855,1674),(12168,856,1674),(12169,857,1674),(12170,858,1674),(12171,859,1674),(12172,860,1674),(12173,861,1674),(12174,862,1674),(12175,863,1674),(12176,864,1674),(12177,865,1674),(12178,866,1674),(12179,867,1674),(12180,868,1674),(12181,869,1674),(12182,870,1674),(12183,871,1674),(12184,872,1674),(12185,873,1674),(12186,874,1674),(12187,875,1674),(12188,876,1674),(12189,877,1674),(12190,878,1674),(12191,879,1674),(12192,880,1674),(12193,881,1674),(12194,882,1674),(12195,883,1674),(12196,884,1674),(12197,885,1674),(12198,886,1674),(12199,887,1674),(12200,888,1674),(12201,889,1674),(12202,890,1674),(12203,891,1674),(12204,892,1674),(12205,893,1674),(12206,894,1674),(12207,895,1674),(12208,896,1674),(12209,897,1674),(12210,898,1674),(12211,899,1674),(12212,900,1674),(12213,901,1674),(12214,902,1674),(12215,903,1674),(12216,904,1674),(12217,905,1674),(12218,906,1674),(12219,907,1674),(12220,908,1674),(12221,909,1674),(12222,910,1674),(12223,911,1674),(12224,912,1674),(12225,913,1674),(12226,914,1674),(12227,915,1674),(12228,916,1674),(12229,917,1674),(12230,918,1674),(12231,919,1674),(12232,920,1674),(12233,921,1674),(12234,919,1675),(12235,851,1675),(12236,852,1675),(12237,853,1675),(12238,854,1675),(12239,855,1675),(12240,856,1675),(12241,857,1675),(12242,858,1675),(12243,859,1675),(12244,860,1675),(12245,861,1675),(12246,862,1675),(12247,863,1675),(12248,864,1675),(12249,865,1675),(12250,866,1675),(12251,867,1675),(12252,868,1675),(12253,869,1675),(12254,870,1675),(12255,871,1675),(12256,872,1675),(12257,873,1675),(12258,918,1676),(12259,874,1676),(12260,875,1676),(12261,876,1676),(12262,877,1676),(12263,878,1676),(12264,879,1676),(12265,880,1676),(12266,881,1676),(12267,882,1676),(12268,883,1676),(12269,884,1676),(12270,885,1676),(12271,886,1676),(12272,887,1676),(12273,888,1676),(12274,889,1676),(12275,890,1676),(12276,891,1676),(12277,892,1676),(12278,893,1676),(12279,894,1676),(12280,920,1677),(12281,895,1677),(12282,896,1677),(12283,897,1677),(12284,898,1677),(12285,899,1677),(12286,900,1677),(12287,901,1677),(12288,902,1677),(12289,903,1677),(12290,904,1677),(12291,905,1677),(12292,906,1677),(12293,907,1677),(12294,908,1677),(12295,909,1677),(12296,910,1677),(12297,911,1677),(12298,912,1677),(12299,913,1677),(12300,914,1677),(12301,915,1677),(12302,916,1677),(12303,917,1677),(12304,852,1678),(12305,855,1678),(12306,863,1678),(12307,918,1678),(12308,875,1678),(12309,877,1678),(12310,878,1678),(12311,883,1678),(12312,888,1678),(12313,890,1678),(12314,893,1678),(12315,901,1678),(12316,903,1678),(12317,907,1678),(12318,910,1678),(12319,917,1678),(12320,831,1679),(12321,835,1679),(12322,847,1679),(12323,849,1679),(12324,919,1679),(12325,853,1679),(12326,857,1679),(12327,858,1679),(12328,860,1679),(12329,866,1679),(12330,867,1679),(12331,880,1679),(12332,886,1679),(12333,887,1679),(12334,891,1679),(12335,905,1679),(12336,833,1680),(12337,840,1680),(12338,842,1680),(12339,843,1680),(12340,844,1680),(12341,862,1680),(12342,869,1680),(12343,874,1680),(12344,876,1680),(12345,879,1680),(12346,881,1680),(12347,885,1680),(12348,894,1680),(12349,899,1680),(12350,900,1680),(12351,902,1680),(12352,909,1680),(12353,915,1680),(12354,921,1681),(12355,836,1681),(12356,845,1681),(12357,848,1681),(12358,850,1681),(12359,854,1681),(12360,865,1681),(12361,868,1681),(12362,872,1681),(12363,873,1681),(12364,882,1681),(12365,884,1681),(12366,892,1681),(12367,896,1681),(12368,904,1681),(12369,908,1681),(12370,912,1681),(12371,913,1681),(12372,916,1681),(12373,837,1682),(12374,838,1682),(12375,839,1682),(12376,841,1682),(12377,846,1682),(12378,851,1682),(12379,856,1682),(12380,859,1682),(12381,861,1682),(12382,864,1682),(12383,870,1682),(12384,871,1682),(12385,889,1682),(12386,897,1682),(12387,906,1682),(12388,914,1682),(12389,921,1683),(12390,831,1683),(12391,832,1683),(12392,833,1683),(12393,834,1683),(12394,836,1683),(12395,838,1683),(12396,839,1683),(12397,841,1683),(12398,843,1683),(12399,844,1683),(12400,845,1683),(12401,847,1683),(12402,848,1683),(12403,849,1683),(12404,850,1683),(12405,919,1683),(12406,851,1683),(12407,852,1683),(12408,853,1683),(12409,854,1683),(12410,855,1683),(12411,856,1683),(12412,858,1683),(12413,861,1683),(12414,862,1683),(12415,863,1684),(12416,864,1684),(12417,867,1684),(12418,918,1684),(12419,874,1684),(12420,875,1684),(12421,876,1684),(12422,877,1684),(12423,881,1684),(12424,882,1684),(12425,883,1684),(12426,884,1684),(12427,885,1684),(12428,888,1684),(12429,889,1684),(12430,890,1684),(12431,920,1684),(12432,895,1684),(12433,901,1684),(12434,903,1684),(12435,907,1684),(12436,908,1684),(12437,909,1684),(12438,912,1684),(12439,913,1684),(12440,914,1684),(12441,917,1684),(12442,835,1685),(12443,837,1685),(12444,840,1685),(12445,842,1685),(12446,846,1685),(12447,857,1685),(12448,859,1685),(12449,860,1685),(12450,865,1685),(12451,866,1685),(12452,868,1685),(12453,869,1685),(12454,870,1685),(12455,871,1685),(12456,872,1685),(12457,873,1685),(12458,878,1685),(12459,879,1685),(12460,880,1685),(12461,886,1686),(12462,887,1686),(12463,891,1686),(12464,892,1686),(12465,893,1686),(12466,894,1686),(12467,896,1686),(12468,897,1686),(12469,898,1686),(12470,899,1686),(12471,900,1686),(12472,902,1686),(12473,904,1686),(12474,905,1686),(12475,906,1686),(12476,910,1686),(12477,911,1686),(12478,915,1686),(12479,916,1686),(12480,921,1687),(12481,831,1687),(12482,832,1687),(12483,833,1687),(12484,834,1687),(12485,835,1687),(12486,836,1687),(12487,837,1687),(12488,838,1687),(12489,839,1687),(12490,840,1687),(12491,841,1687),(12492,842,1687),(12493,843,1687),(12494,844,1687),(12495,845,1687),(12496,846,1687),(12497,847,1687),(12498,848,1687),(12499,849,1687),(12500,850,1687),(12501,919,1688),(12502,851,1688),(12503,852,1688),(12504,853,1688),(12505,854,1688),(12506,855,1688),(12507,856,1688),(12508,857,1688),(12509,858,1688),(12510,859,1688),(12511,860,1688),(12512,861,1688),(12513,862,1688),(12514,863,1688),(12515,864,1688),(12516,865,1688),(12517,866,1688),(12518,867,1688),(12519,868,1688),(12520,869,1688),(12521,870,1688),(12522,871,1688),(12523,872,1688),(12524,873,1688),(12525,918,1689),(12526,874,1689),(12527,875,1689),(12528,876,1689),(12529,877,1689),(12530,878,1689),(12531,879,1689),(12532,880,1689),(12533,881,1689),(12534,882,1689),(12535,883,1689),(12536,884,1689),(12537,885,1689),(12538,886,1689),(12539,887,1689),(12540,888,1689),(12541,889,1689),(12542,890,1689),(12543,891,1689),(12544,892,1689),(12545,893,1689),(12546,894,1689),(12547,920,1690),(12548,895,1690),(12549,896,1690),(12550,897,1690),(12551,898,1690),(12552,899,1690),(12553,900,1690),(12554,901,1690),(12555,902,1690),(12556,903,1690),(12557,904,1690),(12558,905,1690),(12559,906,1690),(12560,907,1690),(12561,908,1690),(12562,909,1690),(12563,910,1690),(12564,911,1690),(12565,912,1690),(12566,913,1690),(12567,914,1690),(12568,915,1690),(12569,916,1690),(12570,917,1690),(12571,922,1691),(12572,923,1691),(12573,924,1691),(12574,925,1691),(12575,926,1691),(12576,927,1691),(12577,928,1691),(12578,929,1691),(12579,930,1691),(12580,931,1691),(12581,932,1691),(12582,933,1691),(12583,934,1691),(12584,935,1691),(12585,936,1691),(12586,937,1691),(12587,938,1691),(12588,939,1691),(12589,940,1691),(12590,941,1691),(12591,942,1691),(12592,943,1691),(12593,944,1691),(12594,945,1692),(12595,946,1692),(12596,947,1692),(12597,948,1692),(12598,949,1692),(12599,950,1692),(12600,951,1692),(12601,952,1692),(12602,953,1692),(12603,954,1692),(12604,955,1692),(12605,956,1692),(12606,957,1692),(12607,958,1692),(12608,959,1692),(12609,960,1692),(12610,961,1692),(12611,962,1692),(12612,963,1692),(12613,964,1692),(12614,965,1693),(12615,966,1693),(12616,967,1693),(12617,968,1693),(12618,969,1693),(12619,970,1693),(12620,971,1693),(12621,972,1693),(12622,973,1693),(12623,974,1693),(12624,975,1693),(12625,976,1693),(12626,977,1693),(12627,978,1693),(12628,979,1693),(12629,980,1693),(12630,981,1693),(12631,982,1693),(12632,983,1693),(12633,984,1693),(12634,985,1693),(12635,986,1693),(12636,987,1693),(12637,928,1694),(12638,937,1694),(12639,940,1694),(12640,944,1694),(12641,958,1694),(12642,962,1694),(12643,963,1694),(12644,964,1694),(12645,966,1694),(12646,970,1694),(12647,972,1694),(12648,980,1694),(12649,983,1694),(12650,923,1695),(12651,930,1695),(12652,933,1695),(12653,935,1695),(12654,938,1695),(12655,941,1695),(12656,942,1695),(12657,954,1695),(12658,956,1695),(12659,961,1695),(12660,967,1695),(12661,969,1695),(12662,974,1695),(12663,986,1695),(12664,922,1696),(12665,925,1696),(12666,926,1696),(12667,943,1696),(12668,945,1696),(12669,947,1696),(12670,951,1696),(12671,952,1696),(12672,960,1696),(12673,975,1696),(12674,976,1696),(12675,979,1696),(12676,987,1696),(12677,924,1697),(12678,927,1697),(12679,929,1697),(12680,931,1697),(12681,932,1697),(12682,936,1697),(12683,939,1697),(12684,950,1697),(12685,953,1697),(12686,955,1697),(12687,977,1697),(12688,982,1697),(12689,984,1697),(12690,934,1698),(12691,946,1698),(12692,948,1698),(12693,949,1698),(12694,957,1698),(12695,959,1698),(12696,965,1698),(12697,968,1698),(12698,971,1698),(12699,973,1698),(12700,978,1698),(12701,981,1698),(12702,985,1698),(12703,922,1699),(12704,923,1699),(12705,924,1699),(12706,925,1699),(12707,926,1699),(12708,927,1699),(12709,928,1699),(12710,929,1699),(12711,930,1699),(12712,931,1699),(12713,932,1699),(12714,933,1699),(12715,934,1699),(12716,935,1699),(12717,936,1699),(12718,937,1699),(12719,938,1699),(12720,939,1699),(12721,940,1699),(12722,941,1699),(12723,942,1699),(12724,943,1699),(12725,944,1699),(12726,945,1700),(12727,946,1700),(12728,947,1700),(12729,948,1700),(12730,949,1700),(12731,950,1700),(12732,951,1700),(12733,952,1700),(12734,953,1700),(12735,954,1700),(12736,955,1700),(12737,956,1700),(12738,957,1700),(12739,958,1700),(12740,959,1700),(12741,960,1700),(12742,961,1700),(12743,962,1700),(12744,963,1700),(12745,964,1700),(12746,965,1701),(12747,966,1701),(12748,967,1701),(12749,968,1701),(12750,969,1701),(12751,970,1701),(12752,971,1701),(12753,972,1701),(12754,973,1701),(12755,974,1701),(12756,975,1701),(12757,976,1701),(12758,977,1701),(12759,978,1701),(12760,979,1701),(12761,980,1701),(12762,981,1701),(12763,982,1701),(12764,983,1701),(12765,984,1701),(12766,985,1701),(12767,986,1701),(12768,987,1701),(12769,922,1702),(12770,923,1702),(12771,924,1702),(12772,925,1702),(12773,926,1702),(12774,929,1702),(12775,932,1702),(12776,933,1702),(12777,939,1702),(12778,940,1702),(12779,941,1702),(12780,943,1702),(12781,944,1702),(12782,945,1702),(12783,946,1702),(12784,948,1702),(12785,949,1702),(12786,950,1702),(12787,951,1703),(12788,952,1703),(12789,953,1703),(12790,955,1703),(12791,957,1703),(12792,959,1703),(12793,960,1703),(12794,965,1703),(12795,967,1703),(12796,968,1703),(12797,971,1703),(12798,973,1703),(12799,974,1703),(12800,976,1703),(12801,977,1703),(12802,981,1703),(12803,982,1703),(12804,984,1703),(12805,986,1703),(12806,987,1703),(12807,927,1704),(12808,928,1704),(12809,930,1704),(12810,931,1704),(12811,934,1704),(12812,935,1704),(12813,936,1704),(12814,937,1704),(12815,938,1704),(12816,942,1704),(12817,947,1704),(12818,954,1704),(12819,956,1704),(12820,958,1704),(12821,961,1704),(12822,962,1705),(12823,963,1705),(12824,964,1705),(12825,966,1705),(12826,969,1705),(12827,970,1705),(12828,972,1705),(12829,975,1705),(12830,978,1705),(12831,979,1705),(12832,980,1705),(12833,983,1705),(12834,985,1705),(12835,988,1706),(12836,989,1706),(12837,990,1706),(12838,991,1707),(12839,992,1707),(12840,993,1707),(12841,994,1707),(12842,995,1707),(12843,996,1707),(12844,997,1707),(12845,998,1707),(12846,999,1708),(12847,1000,1708),(12848,1001,1708),(12849,1002,1708),(12850,1003,1708),(12851,1004,1708),(12852,1005,1708),(12853,1006,1708),(12854,1007,1709),(12855,1008,1709),(12856,1009,1709),(12857,1010,1709),(12858,1011,1709),(12859,1012,1709),(12860,1013,1710),(12861,1014,1710),(12862,1015,1710),(12863,1016,1710),(12864,1017,1710),(12865,1018,1710),(12866,1019,1710),(12867,1020,1711),(12868,1021,1711),(12869,1022,1711),(12870,1023,1711),(12871,1024,1711),(12872,1025,1711),(12873,1026,1712),(12874,1027,1712),(12875,1028,1712),(12876,1029,1712),(12877,1030,1712),(12878,1031,1712),(12879,1032,1712),(12880,1033,1712),(12881,1034,1712),(12882,1035,1712),(12883,1036,1712),(12884,1037,1712),(12885,1038,1712),(12886,1039,1712),(12887,1040,1712),(12888,1041,1712),(12889,1042,1712),(12890,1043,1712),(12891,1044,1712),(12892,1045,1712),(12893,1046,1712),(12894,1047,1712),(12895,1048,1712),(12896,1049,1713),(12897,1050,1713),(12898,1051,1713),(12899,1052,1713),(12900,1053,1713),(12901,1054,1713),(12902,1055,1714),(12903,1056,1714),(12904,1057,1714),(12905,1058,1714),(12906,1059,1714),(12907,1060,1714),(12908,1061,1714),(12909,1026,1715),(12910,1028,1715),(12911,1029,1715),(12912,1030,1715),(12913,1031,1715),(12914,1032,1715),(12915,1033,1715),(12916,1034,1715),(12917,1035,1715),(12918,1036,1715),(12919,1037,1715),(12920,1038,1715),(12921,1039,1715),(12922,1040,1715),(12923,1041,1715),(12924,1042,1715),(12925,1043,1715),(12926,1044,1715),(12927,1045,1715),(12928,1046,1715),(12929,1047,1715),(12930,1048,1715),(12931,1020,1716),(12932,1049,1716),(12933,1050,1716),(12934,1007,1716),(12935,1051,1716),(12936,1021,1716),(12937,1022,1716),(12938,1008,1716),(12939,1009,1716),(12940,1052,1716),(12941,1010,1716),(12942,1023,1716),(12943,1011,1716),(12944,1053,1716),(12945,1012,1716),(12946,1024,1716),(12947,1025,1716),(12948,1054,1716),(12949,991,1717),(12950,992,1717),(12951,999,1717),(12952,1000,1717),(12953,1001,1717),(12954,1002,1717),(12955,1003,1717),(12956,993,1717),(12957,1055,1717),(12958,1004,1717),(12959,994,1717),(12960,995,1717),(12961,1057,1717),(12962,996,1717),(12963,997,1717),(12964,1058,1717),(12965,1059,1717),(12966,1005,1717),(12967,1060,1717),(12968,998,1717),(12969,1006,1717),(12970,1061,1717),(12971,1062,1718),(12972,1063,1718),(12973,1013,1718),(12974,1064,1718),(12975,1014,1718),(12976,1065,1718),(12977,1066,1718),(12978,1067,1718),(12979,1068,1718),(12980,1016,1718),(12981,1069,1718),(12982,1070,1718),(12983,1071,1718),(12984,1017,1718),(12985,1018,1718),(12986,1019,1718),(12987,1062,1719),(12988,1063,1719),(12989,1064,1719),(12990,1050,1719),(12991,1034,1719),(12992,1002,1719),(12993,1065,1719),(12994,1067,1719),(12995,1051,1719),(12996,1068,1719),(12997,1069,1719),(12998,1009,1719),(12999,1070,1719),(13000,994,1719),(13001,1071,1719),(13002,995,1719),(13003,1045,1719),(13004,1057,1719),(13005,1017,1719),(13006,1019,1719),(13007,1058,1719),(13008,1059,1719),(13009,1060,1719),(13010,1061,1719),(13011,1020,1720),(13012,999,1720),(13013,1021,1720),(13014,1022,1720),(13015,1042,1720),(13016,1043,1720),(13017,1004,1720),(13018,1023,1720),(13019,1046,1720),(13020,1024,1720),(13021,1025,1720),(13022,991,1721),(13023,1049,1721),(13024,992,1721),(13025,1026,1721),(13026,1028,1721),(13027,1000,1721),(13028,1013,1721),(13029,1029,1721),(13030,1030,1721),(13031,1031,1721),(13032,1032,1721),(13033,1007,1721),(13034,1033,1721),(13035,1014,1721),(13036,1035,1721),(13037,1001,1721),(13038,1036,1721),(13039,1066,1721),(13040,1037,1721),(13041,1038,1721),(13042,1003,1721),(13043,1039,1721),(13044,1040,1721),(13045,1041,1722),(13046,1016,1722),(13047,993,1722),(13048,1008,1722),(13049,1055,1722),(13050,1052,1722),(13051,1044,1722),(13052,1010,1722),(13053,1011,1722),(13054,996,1722),(13055,997,1722),(13056,1053,1722),(13057,1018,1722),(13058,1047,1722),(13059,1048,1722),(13060,1012,1722),(13061,1005,1722),(13062,998,1722),(13063,1006,1722),(13064,1054,1722);
/*!40000 ALTER TABLE `SCHOOLCLASSREGISTRATIONS` ENABLE KEYS */;
UNLOCK TABLES;

--
-- Table structure for table `SCHOOLCOURSES`
--

DROP TABLE IF EXISTS `SCHOOLCOURSES`;
/*!40101 SET @saved_cs_client     = @@character_set_client */;
/*!40101 SET character_set_client = utf8 */;
CREATE TABLE `SCHOOLCOURSES` (
  `id` int(11) NOT NULL AUTO_INCREMENT,
  `teacher_id` int(11) DEFAULT NULL,
  `schoolclass_id` int(11) DEFAULT NULL,
  `lesson_id` int(11) DEFAULT NULL,
  PRIMARY KEY (`id`),
  KEY `schoolclass_id` (`schoolclass_id`),
  KEY `teacher_id` (`teacher_id`),
  KEY `lesson_id` (`lesson_id`),
  CONSTRAINT `SCHOOLCOURSES_ibfk_1` FOREIGN KEY (`schoolclass_id`) REFERENCES `SCHOOLCLASSES` (`id`),
  CONSTRAINT `SCHOOLCOURSES_ibfk_2` FOREIGN KEY (`teacher_id`) REFERENCES `TEACHERS` (`id`),
  CONSTRAINT `SCHOOLCOURSES_ibfk_3` FOREIGN KEY (`lesson_id`) REFERENCES `SCHOOLLESSONS` (`id`)
) ENGINE=InnoDB AUTO_INCREMENT=679 DEFAULT CHARSET=utf8;
/*!40101 SET character_set_client = @saved_cs_client */;

--
-- Dumping data for table `SCHOOLCOURSES`
--

LOCK TABLES `SCHOOLCOURSES` WRITE;
/*!40000 ALTER TABLE `SCHOOLCOURSES` DISABLE KEYS */;
INSERT INTO `SCHOOLCOURSES` VALUES (464,257,1674,273),(465,258,1674,274),(466,259,1674,275),(467,260,1674,276),(468,261,1674,277),(469,262,1674,278),(470,263,1674,279),(471,264,1674,280),(472,263,1674,281),(473,260,1674,282),(474,260,1674,283),(475,265,1674,284),(476,266,1674,276),(477,267,1674,283),(478,258,1674,284),(479,268,1674,276),(480,258,1674,285),(481,257,1674,285),(482,259,1674,285),(483,262,1674,285),(484,269,1674,285),(485,270,1674,286),(486,271,1674,286),(487,272,1674,287),(488,273,1674,287),(489,274,1674,288),(490,257,1675,273),(491,258,1675,274),(492,259,1675,275),(493,266,1675,276),(494,261,1675,277),(495,262,1675,278),(496,263,1675,279),(497,264,1675,280),(498,263,1675,281),(499,260,1675,282),(500,267,1675,283),(501,258,1675,284),(502,257,1676,273),(503,258,1676,274),(504,259,1676,275),(505,266,1676,276),(506,261,1676,277),(507,262,1676,278),(508,263,1676,279),(509,264,1676,280),(510,263,1676,281),(511,260,1676,282),(512,260,1676,283),(513,265,1676,284),(514,257,1677,273),(515,258,1677,274),(516,259,1677,275),(517,268,1677,276),(518,261,1677,277),(519,262,1677,278),(520,263,1677,279),(521,264,1677,280),(522,263,1677,281),(523,260,1677,282),(524,267,1677,283),(525,265,1677,284),(526,258,1678,285),(527,257,1679,285),(528,259,1680,285),(529,262,1681,285),(530,269,1682,285),(531,270,1683,286),(532,271,1684,286),(533,272,1685,287),(534,273,1686,287),(535,274,1687,288),(536,274,1688,288),(537,274,1689,288),(538,274,1690,288),(539,275,1691,289),(540,276,1691,290),(541,277,1691,291),(542,278,1691,292),(543,278,1691,293),(544,279,1691,294),(545,280,1691,295),(546,281,1691,296),(547,281,1691,297),(548,282,1691,298),(549,275,1692,289),(550,276,1692,290),(551,277,1692,291),(552,278,1692,292),(553,278,1692,293),(554,279,1692,294),(555,280,1692,295),(556,281,1692,296),(557,281,1692,297),(558,282,1692,298),(559,275,1693,289),(560,276,1693,290),(561,277,1693,291),(562,278,1693,292),(563,278,1693,293),(564,279,1693,294),(565,280,1693,295),(566,281,1693,296),(567,281,1693,297),(568,282,1693,298),(569,283,1694,299),(570,284,1695,299),(571,285,1696,299),(572,277,1697,299),(573,286,1698,299),(574,286,1699,300),(575,286,1700,300),(576,286,1701,300),(577,287,1702,301),(578,288,1702,302),(579,283,1702,303),(580,283,1702,304),(581,289,1702,305),(582,287,1703,301),(583,290,1703,302),(584,283,1703,303),(585,283,1703,304),(586,291,1703,305),(587,292,1704,306),(588,284,1704,307),(589,292,1704,308),(590,291,1704,309),(591,293,1705,306),(592,285,1705,307),(593,284,1705,308),(594,294,1705,309),(595,295,1706,310),(596,296,1707,311),(597,297,1707,312),(598,297,1707,313),(599,297,1707,314),(600,296,1707,315),(601,295,1707,316),(602,296,1707,317),(603,296,1707,318),(604,297,1707,319),(605,298,1708,320),(606,299,1708,321),(607,299,1708,322),(608,298,1708,323),(609,290,1708,324),(610,298,1708,325),(611,288,1708,326),(612,300,1709,327),(613,301,1709,328),(614,300,1709,329),(615,300,1709,330),(616,301,1709,331),(617,288,1709,332),(618,300,1709,333),(619,301,1709,334),(620,300,1709,335),(621,301,1709,336),(622,287,1710,337),(623,302,1710,338),(624,303,1710,339),(625,304,1710,340),(626,303,1710,341),(627,304,1710,342),(628,287,1710,343),(629,303,1710,344),(630,293,1711,345),(631,293,1711,346),(632,286,1711,347),(633,285,1711,348),(634,282,1711,349),(635,282,1711,350),(636,284,1711,351),(637,293,1711,352),(638,302,1712,353),(639,305,1712,354),(640,306,1712,355),(641,290,1712,356),(642,307,1712,357),(643,308,1712,358),(644,309,1712,359),(645,291,1713,360),(646,291,1713,361),(647,294,1713,362),(648,310,1713,363),(649,288,1713,364),(650,310,1713,365),(651,294,1713,366),(652,291,1713,367),(653,291,1713,368),(654,304,1714,369),(655,303,1714,370),(656,299,1714,371),(657,303,1714,372),(658,283,1714,373),(659,290,1714,374),(660,303,1714,375),(661,304,1714,376),(662,303,1714,377),(663,276,1715,378),(664,311,1715,379),(665,279,1715,380),(666,276,1716,378),(667,278,1716,379),(668,279,1716,380),(669,276,1717,378),(670,311,1717,379),(671,279,1717,380),(672,276,1718,378),(673,311,1718,379),(674,279,1718,380),(675,312,1719,381),(676,293,1720,382),(677,312,1721,383),(678,278,1722,383);
/*!40000 ALTER TABLE `SCHOOLCOURSES` ENABLE KEYS */;
UNLOCK TABLES;

--
-- Table structure for table `SCHOOLLESSONS`
--

DROP TABLE IF EXISTS `SCHOOLLESSONS`;
/*!40101 SET @saved_cs_client     = @@character_set_client */;
/*!40101 SET character_set_client = utf8 */;
CREATE TABLE `SCHOOLLESSONS` (
  `id` int(11) NOT NULL AUTO_INCREMENT,
  `lessonname` varchar(500) DEFAULT NULL,
  PRIMARY KEY (`id`)
) ENGINE=InnoDB AUTO_INCREMENT=384 DEFAULT CHARSET=utf8;
/*!40101 SET character_set_client = @saved_cs_client */;

--
-- Dumping data for table `SCHOOLLESSONS`
--

LOCK TABLES `SCHOOLLESSONS` WRITE;
/*!40000 ALTER TABLE `SCHOOLLESSONS` DISABLE KEYS */;
INSERT INTO `SCHOOLLESSONS` VALUES (273,'Î“Î -Î›Î¥Îš-Î˜ÏÎ·ÏƒÎºÎµÏ…Ï„Î¹ÎºÎ¬'),(274,'Î“Î -Î›Î¥Îš-Î™ÏƒÏ„Î¿ÏÎ¯Î±'),(275,'Î“Î -Î›Î¥Îš-Î¦Ï…ÏƒÎ¹ÎºÎ® Î‘Î³Ï‰Î³Î®'),(276,'Î“Î -Î›Î¥Îš-Î‘ÏÏ‡Î±Î¯Î± Î•Î»Î»Î·Î½Î¹ÎºÎ® Î“Î»ÏŽÏƒÏƒÎ± ÎºÎ±Î¹ Î“ÏÎ±Î¼Î¼Î±Ï„ÎµÎ¯Î±'),(277,'Î“Î -Î›Î¥Îš-Î†Î»Î³ÎµÎ²ÏÎ±'),(278,'Î“Î -Î›Î¥Îš-Î“ÎµÏ‰Î¼ÎµÏ„ÏÎ¯Î±'),(279,'Î“Î -Î›Î¥Îš-Î¦Ï…ÏƒÎ¹ÎºÎ®'),(280,'Î“Î -Î›Î¥Îš-Î§Î·Î¼ÎµÎ¯Î±'),(281,'Î“Î -Î›Î¥Îš-Î’Î¹Î¿Î»Î¿Î³Î¯Î±'),(282,'Î“Î -Î›Î¥Îš-ÎÎ­Î± Î•Î»Î»Î·Î½Î¹ÎºÎ® Î›Î¿Î³Î¿Ï„ÎµÏ‡Î½Î¯Î±'),(283,'Î“Î -Î›Î¥Îš-ÎÎ­Î± Î•Î»Î»Î·Î½Î¹ÎºÎ® Î“Î»ÏŽÏƒÏƒÎ±'),(284,'Î“Î -Î›Î¥Îš-Î Î¿Î»Î¹Ï„Î¹ÎºÎ® Î Î±Î¹Î´ÎµÎ¯Î± (ÎŸÎ¹ÎºÎ¿Î½Î¿Î¼Î¯Î±, Î Î¿Î»Î¹Ï„Î¹ÎºÎ¿Î¯ Î˜ÎµÏƒÎ¼Î¿Î¯ ÎºÎ±Î¹ Î‘ÏÏ‡Î­Ï‚ Î”Î¹ÎºÎ±Î¯Î¿Ï… ÎºÎ±Î¹ ÎšÎ¿Î¹Î½Ï‰Î½Î¹Î¿Î»Î¿Î³Î¯Î±)'),(285,'PR-Î›Î¥Îš-Î•ÏÎµÏ…Î½Î·Ï„Î¹ÎºÎ® Î•ÏÎ³Î±ÏƒÎ¯Î±'),(286,'Î•Î -Î›Î¥Îš-Î”Î¹Î±Ï‡ÎµÎ¯ÏÎ¹ÏƒÎ· Î¦Ï…ÏƒÎ¹ÎºÏŽÎ½ Î ÏŒÏÏ‰Î½'),(287,'Î•Î -Î›Î¥Îš-Î•Ï†Î±ÏÎ¼Î¿Î³Î­Ï‚ Î Î»Î·ÏÎ¿Ï†Î¿ÏÎ¹ÎºÎ®Ï‚'),(288,'ÎžÎ“-Î›Î¥Îš-Î‘Î³Î³Î»Î¹ÎºÎ¬'),(289,'Î“Î -Î•Î Î‘Î›-Î˜ÏÎ·ÏƒÎºÎµÏ…Ï„Î¹ÎºÎ¬'),(290,'Î“Î -Î•Î Î‘Î›-Î™ÏƒÏ„Î¿ÏÎ¯Î±'),(291,'Î“Î -Î•Î Î‘Î›-Î¦Ï…ÏƒÎ¹ÎºÎ® Î‘Î³Ï‰Î³Î®'),(292,'Î“Î -Î•Î Î‘Î›-Î†Î»Î³ÎµÎ²ÏÎ±'),(293,'Î“Î -Î•Î Î‘Î›-Î“ÎµÏ‰Î¼ÎµÏ„ÏÎ¯Î±'),(294,'Î“Î -Î•Î Î‘Î›-Î¦Ï…ÏƒÎ¹ÎºÎ®'),(295,'Î“Î -Î•Î Î‘Î›-Î§Î·Î¼ÎµÎ¯Î±'),(296,'Î“Î -Î•Î Î‘Î›-ÎÎ­Î± Î•Î»Î»Î·Î½Î¹ÎºÎ® Î“Î»ÏŽÏƒÏƒÎ±'),(297,'Î“Î -Î•Î Î‘Î›-ÎÎ­Î± Î•Î»Î»Î·Î½Î¹ÎºÎ® Î›Î¿Î³Î¿Ï„ÎµÏ‡Î½Î¯Î±'),(298,'Î“Î -Î•Î Î‘Î›-Î Î¿Î»Î¹Ï„Î¹ÎºÎ® Î Î±Î¹Î´ÎµÎ¯Î± (ÎŸÎ¹ÎºÎ¿Î½Î¿Î¼Î¯Î±, Î Î¿Î»Î¹Ï„Î¹ÎºÎ¿Î¯ Î˜ÎµÏƒÎ¼Î¿Î¯ & Î‘ÏÏ‡Î­Ï‚ Î”Î¹ÎºÎ±Î¯Î¿Ï… ÎºÎ±Î¹ ÎšÎ¿Î¹Î½Ï‰Î½Î¹Î¿Î»Î¿Î³Î¯Î±)'),(299,'PR-Î•Î Î‘Î›-Î•ÏÎµÏ…Î½Î·Ï„Î¹ÎºÎ® Î•ÏÎ³Î±ÏƒÎ¯Î±'),(300,'ÎžÎ“-Î•Î Î‘Î›-Î‘Î³Î³Î»Î¹ÎºÎ¬'),(301,'Îš-Î•Î Î‘Î›-4-Î‘ÏÏ‡ÎµÏ‚ ÎœÎ·Ï‡Î±Î½Î¿Î»Î¿Î³Î¯Î±Ï‚'),(302,'Îš-Î•Î Î‘Î›-4-Î‘ÏÏ‡ÎµÏ‚ Î—Î»ÎµÎºÏ„ÏÎ¿Î½Î¹ÎºÎ®Ï‚ ÎºÎ±Î¹ Î—Î»ÎµÎºÏ„ÏÎ¿Î»Î¿Î³Î¯Î±Ï‚'),(303,'Îš-Î•Î Î‘Î›-4-Î¤ÎµÏ‡Î½Î¹ÎºÏŒ Î£Ï‡Î­Î´Î¹Î¿'),(304,'Îš-Î•Î Î‘Î›-4-Î£Ï‡Î¿Î»Î¹ÎºÏŒÏ‚ Î•Ï€Î±Î³Î³ÎµÎ»Î¼Î±Ï„Î¹ÎºÏŒÏ‚ Î ÏÎ¿ÏƒÎ±Î½Î±Ï„Î¿Î»Î¹ÏƒÎ¼ÏŒÏ‚-Î ÎµÏÎ¹Î²Î¬Î»Î»Î¿Î½ Î•ÏÎ³Î±ÏƒÎ¯Î±Ï‚-Î‘ÏƒÏ†Î¬Î»ÎµÎ¹Î± ÎºÎ±Î¹ Î¥Î³Î¹ÎµÎ¹Î½Î®'),(305,'Îš-Î•Î Î‘Î›-4-Î•Ï†Î±ÏÎ¼Î¿Î³Î­Ï‚ Î Î»Î·ÏÎ¿Ï†Î¿ÏÎ¹ÎºÎ®Ï‚'),(306,'Îš-Î•Î Î‘Î›-5-ÎŸÏÎ³Î¬Î½Ï‰ÏƒÎ· ÎºÎ±Î¹ Î”Î¹Î¿Î¯ÎºÎ·ÏƒÎ·'),(307,'Îš-Î•Î Î‘Î›-5-Î†ÏÏ‡ÎµÏ‚ Î›Î¿Î³Î¹ÏƒÏ„Î¹ÎºÎ®Ï‚'),(308,'Îš-Î•Î Î‘Î›-5-Î£Ï‡Î¿Î»Î¹ÎºÏŒÏ‚ Î•Ï€Î±Î³Î³ÎµÎ»Î¼Î±Ï„Î¹ÎºÏŒÏ‚ Î ÏÎ¿ÏƒÎ±Î½Î±Ï„Î¿Î»Î¹ÏƒÎ¼ÏŒÏ‚-Î ÎµÏÎ¹Î²Î¬Î»Î»Î¿Î½ Î•ÏÎ³Î±ÏƒÎ¯Î±Ï‚-Î‘ÏƒÏ†Î¬Î»ÎµÎ¹Î± ÎºÎ±Î¹ Î¥Î³Î¹ÎµÎ¹Î½Î®'),(309,'Îš-Î•Î Î‘Î›-5-Î•Ï†Î±ÏÎ¼Î¿Î³Î­Ï‚ Î Î»Î·ÏÎ¿Ï†Î¿ÏÎ¹ÎºÎ®Ï‚'),(310,'Î¤-Î•Î Î‘Î›-61-Î“ÎµÏ‰Ï€Î¿Î½Î¯Î± & Î‘Î½Î¬Ï€Ï„Ï…Î¾Î·-(Î˜)'),(311,'Î•-Î•Î Î‘Î›-613-Î¦Ï…Ï„Î¹ÎºÎ® Î Î±ÏÎ±Î³Ï‰Î³Î®-(Î˜)'),(312,'Î•-Î•Î Î‘Î›-613-Î–Ï‰Î¹ÎºÎ® Î Î±ÏÎ±Î³Ï‰Î³Î®-(Î˜)'),(313,'Î•-Î•Î Î‘Î›-613-Î•ÎºÎ¼Î·Ï‡Î¬Î½Î¹ÏƒÎ· Î“ÎµÏ‰ÏÎ³Î¹ÎºÏŽÎ½ Î•ÎºÎ¼ÎµÏ„Î±Î»Î»ÎµÏÏƒÎµÏ‰Î½-(Î˜)'),(314,'Î•-Î•Î Î‘Î›-613-Î¦Ï…Ï„Î¿Ï€ÏÎ¿ÏƒÏ„Î±ÏƒÎ¯Î±-(Î˜)'),(315,'Î•-Î•Î Î‘Î›-613-Î£ÏÎ³Ï‡ÏÎ¿Î½ÎµÏ‚ Î“ÎµÏ‰ÏÎ³Î¹ÎºÎ­Ï‚ Î•Ï€Î¹Ï‡ÎµÎ¹ÏÎ®ÏƒÎµÎ¹Ï‚-(Î˜)'),(316,'Î•-Î•Î Î‘Î›-613-Î•ÎºÎ¼Î·Ï‡Î¬Î½Î¹ÏƒÎ· Î“ÎµÏ‰ÏÎ³Î¹ÎºÏŽÎ½ Î•ÎºÎ¼ÎµÏ„Î±Î»Î»ÎµÏÏƒÎµÏ‰Î½-(Î•)'),(317,'Î•-Î•Î Î‘Î›-613-Î£ÏÎ³Ï‡ÏÎ¿Î½ÎµÏ‚ Î“ÎµÏ‰ÏÎ³Î¹ÎºÎ­Ï‚ Î•Ï€Î¹Ï‡ÎµÎ¹ÏÎ®ÏƒÎµÎ¹Ï‚-(Î•)'),(318,'Î•-Î•Î Î‘Î›-613-Î¦Ï…Ï„Î¹ÎºÎ® Î Î±ÏÎ±Î³Ï‰Î³Î®-(Î•)'),(319,'Î•-Î•Î Î‘Î›-613-Î¦Ï…Ï„Î¿Ï€ÏÎ¿ÏƒÏ„Î±ÏƒÎ¯Î±-(Î•)'),(320,'Î•-Î•Î Î‘Î›-451-Î—Î»ÎµÎºÏ„ÏÎ¹ÎºÎ­Ï‚ ÎœÎ·Ï‡Î±Î½Î­Ï‚-(Î˜)'),(321,'Î•-Î•Î Î‘Î›-451-Î—Î»ÎµÎºÏ„ÏÎ¹ÎºÎ­Ï‚ Î•Î³ÎºÎ±Ï„Î±ÏƒÏ„Î¬ÏƒÎµÎ¹Ï‚-(Î˜)'),(322,'Î•-Î•Î Î‘Î›-451-Î‘Ï…Ï„Î¿Î¼Î±Ï„Î¹ÏƒÎ¼Î¿Î¯ & Î£Ï…ÏƒÏ„Î®Î¼Î±Ï„Î± Î‘Ï…Ï„ÏŒÎ¼Î±Ï„Î¿Ï… Î•Î»Î­Î³Ï‡Î¿Ï…-(Î˜)'),(323,'Î•-Î•Î Î‘Î›-451-Î—Î»ÎµÎºÏ„ÏÎ¿Ï„ÎµÏ‡Î½Î¯Î± Î™Î™-(Î˜)'),(324,'Î•-Î•Î Î‘Î›-451-Î‘Ï…Ï„Î¿Î¼Î±Ï„Î¹ÏƒÎ¼Î¿Î¯ & Î£Ï…ÏƒÏ„Î®Î¼Î±Ï„Î± Î‘Ï…Ï„ÏŒÎ¼Î±Ï„Î¿Ï… Î•Î»Î­Î³Ï‡Î¿Ï…-(Î•)'),(325,'Î•-Î•Î Î‘Î›-451-Î—Î»ÎµÎºÏ„ÏÎ¹ÎºÎ­Ï‚ Î•Î³ÎºÎ±Ï„Î±ÏƒÏ„Î¬ÏƒÎµÎ¹Ï‚-(Î•)'),(326,'Î•-Î•Î Î‘Î›-451-Î—Î»ÎµÎºÏ„ÏÎ¿Ï„ÎµÏ‡Î½Î¯Î± Î™Î™-(Î•)'),(327,'Î•-Î•Î Î‘Î›-431-Î—Î»ÎµÎºÏ„ÏÎ¿Î½Î¹ÎºÎ­Ï‚ Î•Ï€Î¹ÎºÎ¿Î¹Î½Ï‰Î½Î¯ÎµÏ‚-(Î˜)'),(328,'Î•-Î•Î Î‘Î›-431-Î£Ï…ÏƒÏ„Î®Î¼Î±Ï„Î± Î‘Î½Î±Î»Î¿Î³Î¹ÎºÏŽÎ½ Î—Î»ÎµÎºÏ„ÏÎ¿Î½Î¹ÎºÏŽÎ½-(Î˜)'),(329,'Î•-Î•Î Î‘Î›-431-Î£Ï…ÏƒÏ„Î®Î¼Î±Ï„Î± Î¨Î·Ï†Î¹Î±ÎºÏŽÎ½ Î—Î»ÎµÎºÏ„ÏÎ¿Î½Î¹ÎºÏŽÎ½-(Î˜)'),(330,'Î•-Î•Î Î‘Î›-431-Î£Ï…Î»Î»Î¿Î³Î® ÎœÎµÏ„Î±Ï†Î¿ÏÎ¬ ÎºÎ±Î¹ ÎˆÎ»ÎµÎ³Ï‡Î¿Ï‚ Î”ÎµÎ´Î¿Î¼Î­Î½Ï‰Î½-(Î˜)'),(331,'Î•-Î•Î Î‘Î›-431-Î¤ÎµÏ‡Î½Î¿Î»Î¿Î³Î¯Î± Î”Î¹ÎºÏ„ÏÏ‰Î½ Î•Ï€Î¹ÎºÎ¿Î¹Î½Ï‰Î½Î¹ÏŽÎ½-(Î˜)'),(332,'Î•-Î•Î Î‘Î›-431-Î•Ï†Î±ÏÎ¼Î¿Î³Î­Ï‚ Î ÏÎ¿Î³ÏÎ±Î¼Î¼Î±Ï„Î¹ÏƒÎ¼Î¿Ï Î³Î¹Î± Î—Î»ÎµÎºÏ„ÏÎ¿Î½Î¹ÎºÎ¿ÏÏ‚-(Î•)'),(333,'Î•-Î•Î Î‘Î›-431-Î£Ï…Î»Î»Î¿Î³Î® ÎœÎµÏ„Î±Ï†Î¿ÏÎ¬ ÎºÎ±Î¹ ÎˆÎ»ÎµÎ³Ï‡Î¿Ï‚ Î”ÎµÎ´Î¿Î¼Î­Î½Ï‰Î½-(Î•)'),(334,'Î•-Î•Î Î‘Î›-431-Î£Ï…ÏƒÏ„Î®Î¼Î±Ï„Î± Î‘Î½Î±Î»Î¿Î³Î¹ÎºÏŽÎ½ Î—Î»ÎµÎºÏ„ÏÎ¿Î½Î¹ÎºÏŽÎ½-(Î•)'),(335,'Î•-Î•Î Î‘Î›-431-Î£Ï…ÏƒÏ„Î®Î¼Î±Ï„Î± Î¨Î·Ï†Î¹Î±ÎºÏŽÎ½ Î—Î»ÎµÎºÏ„ÏÎ¿Î½Î¹ÎºÏŽÎ½-(Î•)'),(336,'Î•-Î•Î Î‘Î›-431-Î¤ÎµÏ‡Î½Î¿Î»Î¿Î³Î¯Î± Î”Î¹ÎºÏ„ÏÏ‰Î½ Î•Ï€Î¹ÎºÎ¿Î¹Î½Ï‰Î½Î¹ÏŽÎ½-(Î•)'),(337,'Î•-Î•Î Î‘Î›-411-Î£Ï„Î¿Î¹Ï‡ÎµÎ¯Î± ÎœÎ·Ï‡Î±Î½ÏŽÎ½-(Î˜)'),(338,'Î•-Î•Î Î‘Î›-411-ÎœÎ·Ï‡Î±Î½Î¿Ï…ÏÎ³Î¹ÎºÎ® Î¤ÎµÏ‡Î½Î¿Î»Î¿Î³Î¯Î±-(Î˜)'),(339,'Î•-Î•Î Î‘Î›-411-Î£Ï„Î¿Î¹Ï‡ÎµÎ¯Î± Î¨ÏÎ¾Î·Ï‚ - ÎšÎ»Î¹Î¼Î±Ï„Î¹ÏƒÎ¼Î¿Ï-(Î˜)'),(340,'Î•-Î•Î Î‘Î›-411-Î£Ï„Î¿Î¹Ï‡ÎµÎ¯Î± Î£Ï‡ÎµÎ´Î¹Î±ÏƒÎ¼Î¿Ï ÎšÎµÎ½Ï„ÏÎ¹ÎºÏŽÎ½ Î˜ÎµÏÎ¼Î¬Î½ÏƒÎµÏ‰Î½-(Î˜)'),(341,'Î•-Î•Î Î‘Î›-411-Î‘Î½ÎµÎ»ÎºÏ…ÏƒÏ„Î®ÏÎµÏ‚ - Î‘Î½Ï…ÏˆÏ‰Ï„Î¹ÎºÎ­Ï‚ ÎœÎ·Ï‡Î±Î½Î­Ï‚-(Î˜)'),(342,'Î•-Î•Î Î‘Î›-411-ÎœÎ·Ï‡Î±Î½Î¿Ï…ÏÎ³Î¹ÎºÎ® Î¤ÎµÏ‡Î½Î¿Î»Î¿Î³Î¯Î±-(Î•)'),(343,'Î•-Î•Î Î‘Î›-411-Î£Ï„Î¿Î¹Ï‡ÎµÎ¯Î± Î£Ï‡ÎµÎ´Î¹Î±ÏƒÎ¼Î¿Ï ÎšÎµÎ½Ï„ÏÎ¹ÎºÏŽÎ½ Î˜ÎµÏÎ¼Î¬Î½ÏƒÎµÏ‰Î½-(Î•)'),(344,'Î•-Î•Î Î‘Î›-411-Î£Ï„Î¿Î¹Ï‡ÎµÎ¯Î± Î¨ÏÎ¾Î·Ï‚ - ÎšÎ»Î¹Î¼Î±Ï„Î¹ÏƒÎ¼Î¿Ï-(Î•)'),(345,'Î•-Î•Î Î‘Î›-521-Î‘ÏÏ‡Î­Ï‚ ÎŸÎ¹ÎºÎ¿Î½Î¿Î¼Î¹ÎºÎ®Ï‚ Î˜ÎµÏ‰ÏÎ¯Î±Ï‚ II-(Î˜)'),(346,'Î•-Î•Î Î‘Î›-521-Î‘ÏÏ‡Î­Ï‚ ÎŸÏÎ³Î¬Î½Ï‰ÏƒÎ·Ï‚ ÎºÎ±Î¹ Î”Î¹Î¿Î¯ÎºÎ·ÏƒÎ·Ï‚ Î•Ï€Î¹Ï‡ÎµÎ¹ÏÎ®ÏƒÎµÏ‰Î½-(Î˜)'),(347,'Î•-Î•Î Î‘Î›-521-Î‘Î³Î³Î»Î¹ÎºÎ¬ (ÎŸÎ¹ÎºÎ¿Î½Î¿Î¼Î¹ÎºÎ® ÎŸÏÎ¿Î»Î¿Î³Î¯Î±)-(Î˜)'),(348,'Î•-Î•Î Î‘Î›-521-Î£Ï„Î¿Î¹Ï‡ÎµÎ¯Î± Î›Î¿Î³Î¹ÏƒÏ„Î¹ÎºÎ®Ï‚ Î•Ï„Î±Î¹ÏÎ¹ÏŽÎ½-(Î˜)'),(349,'Î•-Î•Î Î‘Î›-521-Î”Î·Î¼ÏŒÏƒÎ¹ÎµÏ‚ Î£Ï‡Î­ÏƒÎµÎ¹Ï‚-(Î˜)'),(350,'Î•-Î•Î Î‘Î›-521-ÎŸÏÎ³Î¬Î½Ï‰ÏƒÎ· Î“ÏÎ±Ï†ÎµÎ¯Î¿Ï… ÎºÎ±Î¹ Î‘ÏÏ‡ÎµÎ¯Ï‰Î½-(Î˜)'),(351,'Î•-Î•Î Î‘Î›-521-Î›Î¿Î³Î¹ÏƒÏ„Î¹ÎºÎ­Ï‚ Î•Ï†Î±ÏÎ¼Î¿Î³Î­Ï‚ - Î“Î„ ÎšÎ±Ï„Î·Î³Î¿ÏÎ¯Î±Ï‚ ÎœÎ·Ï‡Î±Î½Î¿Î³ÏÎ±Ï†Î·Î¼Î­Î½Î· Î›Î¿Î³Î¹ÏƒÏ„Î¹ÎºÎ®-(Î•)'),(352,'Î•-Î•Î Î‘Î›-521-EÏÎ³Î±ÏƒÎ¯ÎµÏ‚ Î£ÏÎ³Ï‡ÏÎ¿Î½Î¿Ï… Î“ÏÎ±Ï†ÎµÎ¯Î¿Ï…-(Î•)'),(353,'Î•-Î•Î Î‘Î›-451-Î£Ï„Î¿Î¹Ï‡ÎµÎ¯Î± ÎœÎ·Ï‡Î±Î½ÏŽÎ½-(Î˜)'),(354,'Î•-Î•Î Î‘Î›-451-ÎœÎ·Ï‡Î±Î½Î­Ï‚ Î•ÏƒÏ‰Ï„ÎµÏÎ¹ÎºÎ®Ï‚ ÎšÎ±ÏÏƒÎ·Ï‚ Î™Î™-(Î˜)'),(355,'Î•-Î•Î Î‘Î›-451-Î£Ï…ÏƒÏ„Î®Î¼Î±Ï„Î± Î‘Ï…Ï„Î¿ÎºÎ¹Î½Î®Ï„Î¿Ï… Î™Î™-(Î˜)'),(356,'Î•-Î•Î Î‘Î›-451-Î¤ÎµÏ‡Î½Î¿Î»Î¿Î³Î¯Î± Î•Î»Î­Î³Ï‡Î¿Ï… ÎºÎ±Î¹ Î”Î¹Î±Î³Î½ÏŽÏƒÎµÏ‰Î½-(Î˜)'),(357,'Î•-Î•Î Î‘Î›-451-ÎœÎ·Ï‡Î±Î½Î­Ï‚ Î•ÏƒÏ‰Ï„ÎµÏÎ¹ÎºÎ®Ï‚ ÎšÎ±ÏÏƒÎ·Ï‚ Î™Î™-(Î•)'),(358,'Î•-Î•Î Î‘Î›-451-Î£Ï…ÏƒÏ„Î®Î¼Î±Ï„Î± Î‘Ï…Ï„Î¿ÎºÎ¹Î½Î®Ï„Î¿Ï… Î™Î™-(Î•)'),(359,'Î•-Î•Î Î‘Î›-451-Î¤ÎµÏ‡Î½Î¿Î»Î¿Î³Î¯Î± Î•Î»Î­Î³Ï‡Î¿Ï… ÎºÎ±Î¹ Î”Î¹Î±Î³Î½ÏŽÏƒÎµÏ‰Î½-(Î•)'),(360,'Î•-Î•Î Î‘Î›-471-Î”Î¿Î¼Î·Î¼Î­Î½Î¿Ï‚ Î ÏÎ¿Î³ÏÎ±Î¼Î¼Î±Ï„Î¹ÏƒÎ¼ÏŒÏ‚-(Î˜)'),(361,'Î•-Î•Î Î‘Î›-471-Î”Î¯ÎºÏ„Ï…Î± Î¥Ï€Î¿Î»Î¿Î³Î¹ÏƒÏ„ÏŽÎ½ Î™Î™-(Î˜)'),(362,'Î•-Î•Î Î‘Î›-471-Î›ÎµÎ¹Ï„Î¿Ï…ÏÎ³Î¹ÎºÎ¬ Î£Ï…ÏƒÏ„Î®Î¼Î±Ï„Î± Î™Î™-(Î•)'),(363,'Î•-Î•Î Î‘Î›-471-Î’Î¬ÏƒÎµÎ¹Ï‚ Î”ÎµÎ´Î¿Î¼Î­Î½Ï‰Î½-(Î˜)'),(364,'Î•-Î•Î Î‘Î›-471-Î£Ï„Î¿Î¹Ï‡ÎµÎ¯Î± Î ÏÎ¿Î³ÏÎ±Î¼Î¼Î±Ï„Î¹ÏƒÎ¼Î¿Ï ÏƒÎµ Î“ÏÎ±Ï†Î¹ÎºÏŒ Î ÎµÏÎ¹Î²Î¬Î»Î»Î¿Î½ (Visual Programming)-(Î•)'),(365,'Î•-Î•Î Î‘Î›-471-Î•Ï†Î±ÏÎ¼Î¿Î³Î­Ï‚ Î Î¿Î»Ï…Î¼Î­ÏƒÏ‰Î½-(Î•)'),(366,'Î•-Î•Î Î‘Î›-471-Î’Î¬ÏƒÎµÎ¹Ï‚ Î”ÎµÎ´Î¿Î¼Î­Î½Ï‰Î½-(Î•)'),(367,'Î•-Î•Î Î‘Î›-471-Î”Î¯ÎºÏ„Ï…Î± Î¥Ï€Î¿Î»Î¿Î³Î¹ÏƒÏ„ÏŽÎ½ Î™Î™-(Î•)'),(368,'Î•-Î•Î Î‘Î›-471-Î”Î¿Î¼Î·Î¼Î­Î½Î¿Ï‚ Î ÏÎ¿Î³ÏÎ±Î¼Î¼Î±Ï„Î¹ÏƒÎ¼ÏŒÏ‚-(Î•)'),(369,'Î•-Î•Î Î‘Î›-412-Î•Î³ÎºÎ±Ï„Î±ÏƒÏ„Î¬ÏƒÎµÎ¹Ï‚ Î¨ÏÎ¾Î·Ï‚-(Î˜)'),(370,'Î•-Î•Î Î‘Î›-412-Î•Î³ÎºÎ±Ï„Î±ÏƒÏ„Î¬ÏƒÎµÎ¹Ï‚ ÎšÎ»Î¹Î¼Î±Ï„Î¹ÏƒÎ¼Î¿Ï-(Î˜)'),(371,'Î•-Î•Î Î‘Î›-412-Î‘Ï…Ï„Î¿Î¼Î±Ï„Î¹ÏƒÎ¼Î¿Î¯ Î¨Ï…ÎºÏ„Î¹ÎºÏŽÎ½ Î•Î³ÎºÎ±Ï„Î±ÏƒÏ„Î¬ÏƒÎµÏ‰Î½-(Î˜)'),(372,'Î•-Î•Î Î‘Î›-412-Î£Ï…Î¼Ï€Î¹ÎµÏƒÏ„Î­Ï‚-(Î˜)'),(373,'Î•-Î•Î Î‘Î›-412-Î£Ï‡Î­Î´Î¹Î¿ Î•Î¹Î´Î¹ÎºÏŒÏ„Î·Ï„Î±Ï‚-(Î£)'),(374,'Î•-Î•Î Î‘Î›-412-Î‘Ï…Ï„Î¿Î¼Î±Ï„Î¹ÏƒÎ¼Î¿Î¯ Î¨Ï…ÎºÏ„Î¹ÎºÏŽÎ½ Î•Î³ÎºÎ±Ï„Î±ÏƒÏ„Î¬ÏƒÎµÏ‰Î½-(Î•)'),(375,'Î•-Î•Î Î‘Î›-412-Î•Î³ÎºÎ±Ï„Î±ÏƒÏ„Î¬ÏƒÎµÎ¹Ï‚ ÎšÎ»Î¹Î¼Î±Ï„Î¹ÏƒÎ¼Î¿Ï-(Î•)'),(376,'Î•-Î•Î Î‘Î›-412-Î•Î³ÎºÎ±Ï„Î±ÏƒÏ„Î¬ÏƒÎµÎ¹Ï‚ Î¨ÏÎ¾Î·Ï‚-(Î•)'),(377,'Î•-Î•Î Î‘Î›-412-Î£Ï…Î¼Ï€Î¹ÎµÏƒÏ„Î­Ï‚-(Î•)'),(378,'Î“Î -Î•Î Î‘Î›-ÎŸÎœÎ”-Î‘-ÎÎµÎ¿ÎµÎ»Î»Î·Î½Î¹ÎºÎ® Î“Î»ÏŽÏƒÏƒÎ±'),(379,'Î“Î -Î•Î Î‘Î›-ÎŸÎœÎ”-Î‘-ÎœÎ±Î¸Î·Î¼Î±Ï„Î¹ÎºÎ¬ Î™'),(380,'Î“Î -Î•Î Î‘Î›-ÎŸÎœÎ”-Î‘-Î¦Ï…ÏƒÎ¹ÎºÎ® Î™'),(381,'Î•Î -Î•Î Î‘Î›-Î’Î¹Î¿Î»Î¿Î³Î¯Î± Î™'),(382,'Î•Î -Î•Î Î‘Î›-Î‘ÏÏ‡Î­Ï‚ ÎŸÎ¹ÎºÎ¿Î½Î¿Î¼Î¹ÎºÎ®Ï‚ Î˜ÎµÏ‰ÏÎ¯Î±Ï‚ Î™'),(383,'Î•Î -Î•Î Î‘Î›-ÎœÎ±Î¸Î·Î¼Î±Ï„Î¹ÎºÎ¬ ÎºÎ±Î¹ Î£Ï„Î¿Î¹Ï‡ÎµÎ¯Î± Î£Ï„Î±Ï„Î¹ÏƒÏ„Î¹ÎºÎ®Ï‚');
/*!40000 ALTER TABLE `SCHOOLLESSONS` ENABLE KEYS */;
UNLOCK TABLES;

--
-- Table structure for table `SCHOOLREGISTRATIONS`
--

DROP TABLE IF EXISTS `SCHOOLREGISTRATIONS`;
/*!40101 SET @saved_cs_client     = @@character_set_client */;
/*!40101 SET character_set_client = utf8 */;
CREATE TABLE `SCHOOLREGISTRATIONS` (
  `id` int(11) NOT NULL AUTO_INCREMENT,
  `school_id` int(11) DEFAULT NULL,
  `startyear` int(11) DEFAULT NULL,
  `student_id` int(11) DEFAULT NULL,
  `student_am` int(11) DEFAULT NULL,
  PRIMARY KEY (`id`),
  UNIQUE KEY `student_id` (`student_id`,`school_id`,`startyear`),
  KEY `school_id` (`school_id`),
  KEY `startyear` (`startyear`),
  CONSTRAINT `SCHOOLREGISTRATIONS_ibfk_1` FOREIGN KEY (`school_id`) REFERENCES `SCHOOLS` (`id`),
  CONSTRAINT `SCHOOLREGISTRATIONS_ibfk_2` FOREIGN KEY (`startyear`) REFERENCES `SCHOOLYEARS` (`startyear`),
  CONSTRAINT `SCHOOLREGISTRATIONS_ibfk_3` FOREIGN KEY (`student_id`) REFERENCES `STUDENTS` (`id`)
) ENGINE=InnoDB AUTO_INCREMENT=6117 DEFAULT CHARSET=utf8;
/*!40101 SET character_set_client = @saved_cs_client */;

--
-- Dumping data for table `SCHOOLREGISTRATIONS`
--

LOCK TABLES `SCHOOLREGISTRATIONS` WRITE;
/*!40000 ALTER TABLE `SCHOOLREGISTRATIONS` DISABLE KEYS */;
INSERT INTO `SCHOOLREGISTRATIONS` VALUES (5875,1763010,2013,831,1083),(5876,1763010,2013,832,1084),(5877,1763010,2013,833,1085),(5878,1763010,2013,834,1086),(5879,1763010,2013,835,1087),(5880,1763010,2013,836,1088),(5881,1763010,2013,837,1089),(5882,1763010,2013,838,1090),(5883,1763010,2013,839,1091),(5884,1763010,2013,840,1092),(5885,1763010,2013,841,1093),(5886,1763010,2013,842,1094),(5887,1763010,2013,843,1095),(5888,1763010,2013,844,1097),(5889,1763010,2013,845,1098),(5890,1763010,2013,846,1099),(5891,1763010,2013,847,1100),(5892,1763010,2013,848,1101),(5893,1763010,2013,849,1102),(5894,1763010,2013,850,1103),(5895,1763010,2013,851,1105),(5896,1763010,2013,852,1106),(5897,1763010,2013,853,1107),(5898,1763010,2013,854,1108),(5899,1763010,2013,855,1109),(5900,1763010,2013,856,1110),(5901,1763010,2013,857,1111),(5902,1763010,2013,858,1112),(5903,1763010,2013,859,1113),(5904,1763010,2013,860,1114),(5905,1763010,2013,861,1115),(5906,1763010,2013,862,1116),(5907,1763010,2013,863,1117),(5908,1763010,2013,864,1118),(5909,1763010,2013,865,1119),(5910,1763010,2013,866,1120),(5911,1763010,2013,867,1121),(5912,1763010,2013,868,1122),(5913,1763010,2013,869,1123),(5914,1763010,2013,870,1124),(5915,1763010,2013,871,1125),(5916,1763010,2013,872,1126),(5917,1763010,2013,873,1127),(5918,1763010,2013,874,1129),(5919,1763010,2013,875,1130),(5920,1763010,2013,876,1131),(5921,1763010,2013,877,1132),(5922,1763010,2013,878,1133),(5923,1763010,2013,879,1134),(5924,1763010,2013,880,1135),(5925,1763010,2013,881,1136),(5926,1763010,2013,882,1137),(5927,1763010,2013,883,1138),(5928,1763010,2013,884,1139),(5929,1763010,2013,885,1140),(5930,1763010,2013,886,1141),(5931,1763010,2013,887,1142),(5932,1763010,2013,888,1143),(5933,1763010,2013,889,1144),(5934,1763010,2013,890,1145),(5935,1763010,2013,891,1146),(5936,1763010,2013,892,1147),(5937,1763010,2013,893,1148),(5938,1763010,2013,894,1149),(5939,1763010,2013,895,1150),(5940,1763010,2013,896,1151),(5941,1763010,2013,897,1152),(5942,1763010,2013,898,1153),(5943,1763010,2013,899,1154),(5944,1763010,2013,900,1155),(5945,1763010,2013,901,1156),(5946,1763010,2013,902,1159),(5947,1763010,2013,903,1158),(5948,1763010,2013,904,1160),(5949,1763010,2013,905,1161),(5950,1763010,2013,906,1162),(5951,1763010,2013,907,1163),(5952,1763010,2013,908,1164),(5953,1763010,2013,909,1165),(5954,1763010,2013,910,1166),(5955,1763010,2013,911,1167),(5956,1763010,2013,912,1168),(5957,1763010,2013,913,1169),(5958,1763010,2013,914,1170),(5959,1763010,2013,915,1171),(5960,1763010,2013,916,1172),(5961,1763010,2013,917,1173),(5962,1763010,2013,918,1128),(5963,1763010,2013,919,1104),(5964,1763010,2013,920,1176),(5965,1763010,2013,921,1082),(5966,1740300,2013,922,609),(5967,1740300,2013,923,610),(5968,1740300,2013,924,611),(5969,1740300,2013,925,612),(5970,1740300,2013,926,613),(5971,1740300,2013,927,614),(5972,1740300,2013,928,615),(5973,1740300,2013,929,616),(5974,1740300,2013,930,617),(5975,1740300,2013,931,509),(5976,1740300,2013,932,618),(5977,1740300,2013,933,619),(5978,1740300,2013,934,620),(5979,1740300,2013,935,621),(5980,1740300,2013,936,622),(5981,1740300,2013,937,623),(5982,1740300,2013,938,624),(5983,1740300,2013,939,625),(5984,1740300,2013,940,626),(5985,1740300,2013,941,627),(5986,1740300,2013,942,628),(5987,1740300,2013,943,629),(5988,1740300,2013,944,630),(5989,1740300,2013,945,631),(5990,1740300,2013,946,529),(5991,1740300,2013,947,632),(5992,1740300,2013,948,633),(5993,1740300,2013,949,634),(5994,1740300,2013,950,531),(5995,1740300,2013,951,635),(5996,1740300,2013,952,636),(5997,1740300,2013,953,637),(5998,1740300,2013,954,638),(5999,1740300,2013,955,639),(6000,1740300,2013,956,640),(6001,1740300,2013,957,540),(6002,1740300,2013,958,641),(6003,1740300,2013,959,642),(6004,1740300,2013,960,643),(6005,1740300,2013,961,644),(6006,1740300,2013,962,645),(6007,1740300,2013,963,273),(6008,1740300,2013,964,646),(6009,1740300,2013,965,647),(6010,1740300,2013,966,648),(6011,1740300,2013,967,649),(6012,1740300,2013,968,650),(6013,1740300,2013,969,651),(6014,1740300,2013,970,652),(6015,1740300,2013,971,653),(6016,1740300,2013,972,654),(6017,1740300,2013,973,655),(6018,1740300,2013,974,656),(6019,1740300,2013,975,657),(6020,1740300,2013,976,659),(6021,1740300,2013,977,658),(6022,1740300,2013,978,660),(6023,1740300,2013,979,661),(6024,1740300,2013,980,662),(6025,1740300,2013,981,663),(6026,1740300,2013,982,664),(6027,1740300,2013,983,665),(6028,1740300,2013,984,666),(6029,1740300,2013,985,667),(6030,1740300,2013,986,668),(6031,1740300,2013,987,565),(6032,1740300,2013,988,500),(6033,1740300,2013,989,506),(6034,1740300,2013,990,673),(6036,1740300,2013,991,426),(6037,1740300,2013,992,433),(6038,1740300,2013,993,459),(6039,1740300,2013,994,598),(6040,1740300,2013,995,469),(6041,1740300,2013,996,478),(6042,1740300,2013,997,479),(6043,1740300,2013,998,492),(6044,1740300,2013,999,603),(6045,1740300,2013,1000,435),(6046,1740300,2013,1001,443),(6047,1740300,2013,1002,446),(6048,1740300,2013,1003,450),(6049,1740300,2013,1004,347),(6050,1740300,2013,1005,488),(6051,1740300,2013,1006,493),(6052,1740300,2013,1007,599),(6053,1740300,2013,1008,601),(6054,1740300,2013,1009,602),(6055,1740300,2013,1010,471),(6056,1740300,2013,1011,476),(6057,1740300,2013,1012,356),(6058,1740300,2013,1013,568),(6059,1740300,2013,1014,569),(6060,1740300,2013,1015,570),(6061,1740300,2013,1016,458),(6062,1740300,2013,1017,480),(6063,1740300,2013,1018,481),(6064,1740300,2013,1019,485),(6065,1740300,2013,1020,427),(6066,1740300,2013,1021,345),(6067,1740300,2013,1022,463),(6068,1740300,2013,1023,473),(6069,1740300,2013,1024,487),(6070,1740300,2013,1025,490),(6071,1740300,2013,1026,324),(6072,1740300,2013,1027,578),(6073,1740300,2013,1028,579),(6074,1740300,2013,1029,437),(6075,1740300,2013,1030,580),(6076,1740300,2013,1031,439),(6077,1740300,2013,1032,582),(6078,1740300,2013,1033,583),(6079,1740300,2013,1034,442),(6080,1740300,2013,1035,584),(6081,1740300,2013,1036,445),(6082,1740300,2013,1037,585),(6083,1740300,2013,1038,449),(6084,1740300,2013,1039,451),(6085,1740300,2013,1040,452),(6086,1740300,2013,1041,457),(6087,1740300,2013,1042,464),(6088,1740300,2013,1043,467),(6089,1740300,2013,1044,470),(6090,1740300,2013,1045,353),(6091,1740300,2013,1046,483),(6092,1740300,2013,1047,484),(6093,1740300,2013,1048,587),(6094,1740300,2013,1049,430),(6095,1740300,2013,1050,441),(6096,1740300,2013,1051,453),(6097,1740300,2013,1052,588),(6098,1740300,2013,1053,474),(6099,1740300,2013,1054,494),(6100,1740300,2013,1055,571),(6101,1740300,2013,1056,572),(6102,1740300,2013,1057,477),(6103,1740300,2013,1058,486),(6104,1740300,2013,1059,574),(6105,1740300,2013,1060,575),(6106,1740300,2013,1061,576),(6107,1740300,2013,1062,376),(6108,1740300,2013,1063,436),(6109,1740300,2013,1064,589),(6110,1740300,2013,1065,447),(6111,1740300,2013,1066,448),(6112,1740300,2013,1067,590),(6113,1740300,2013,1068,456),(6114,1740300,2013,1069,466),(6115,1740300,2013,1070,593),(6116,1740300,2013,1071,594);
/*!40000 ALTER TABLE `SCHOOLREGISTRATIONS` ENABLE KEYS */;
UNLOCK TABLES;

--
-- Table structure for table `SCHOOLS`
--

DROP TABLE IF EXISTS `SCHOOLS`;
/*!40101 SET @saved_cs_client     = @@character_set_client */;
/*!40101 SET character_set_client = utf8 */;
CREATE TABLE `SCHOOLS` (
  `id` int(11) NOT NULL,
  `schoolname` varchar(200) DEFAULT NULL,
  PRIMARY KEY (`id`)
) ENGINE=InnoDB DEFAULT CHARSET=utf8;
/*!40101 SET character_set_client = @saved_cs_client */;

--
-- Dumping data for table `SCHOOLS`
--

LOCK TABLES `SCHOOLS` WRITE;
/*!40000 ALTER TABLE `SCHOOLS` DISABLE KEYS */;
INSERT INTO `SCHOOLS` VALUES (1740300,'1Î¿ Î—ÎœÎ•Î¡Î—Î£Î™ÎŸ Î•Î Î‘Î› ÎœÎŸÎ™Î¡Î©Î - Î•Î Î‘Î› ÎœÎŸÎ™Î¡Î©Î'),(1763010,'Î—ÎœÎ•Î¡Î—Î£Î™ÎŸ Î“Î•ÎÎ™ÎšÎŸ Î›Î¥ÎšÎ•Î™ÎŸ Î¤Î¥ÎœÎ Î‘ÎšÎ™ÎŸÎ¥ Î—Î¡Î‘ÎšÎ›Î•Î™ÎŸÎ¥');
/*!40000 ALTER TABLE `SCHOOLS` ENABLE KEYS */;
UNLOCK TABLES;

--
-- Table structure for table `SCHOOLYEARS`
--

DROP TABLE IF EXISTS `SCHOOLYEARS`;
/*!40101 SET @saved_cs_client     = @@character_set_client */;
/*!40101 SET character_set_client = utf8 */;
CREATE TABLE `SCHOOLYEARS` (
  `startyear` int(11) NOT NULL,
  PRIMARY KEY (`startyear`),
  UNIQUE KEY `startyear` (`startyear`)
) ENGINE=InnoDB DEFAULT CHARSET=utf8;
/*!40101 SET character_set_client = @saved_cs_client */;

--
-- Dumping data for table `SCHOOLYEARS`
--

LOCK TABLES `SCHOOLYEARS` WRITE;
/*!40000 ALTER TABLE `SCHOOLYEARS` DISABLE KEYS */;
INSERT INTO `SCHOOLYEARS` VALUES (2013);
/*!40000 ALTER TABLE `SCHOOLYEARS` ENABLE KEYS */;
UNLOCK TABLES;

--
-- Table structure for table `STUDENTS`
--

DROP TABLE IF EXISTS `STUDENTS`;
/*!40101 SET @saved_cs_client     = @@character_set_client */;
/*!40101 SET character_set_client = utf8 */;
CREATE TABLE `STUDENTS` (
  `id` int(11) NOT NULL AUTO_INCREMENT,
  `lastname` varchar(100) NOT NULL,
  `firstname` varchar(100) NOT NULL,
  `fathername` varchar(100) DEFAULT NULL,
  `mothername` varchar(100) DEFAULT NULL,
  `birthdate` date DEFAULT NULL,
  PRIMARY KEY (`id`),
  UNIQUE KEY `lastname` (`lastname`,`firstname`,`fathername`,`mothername`,`birthdate`)
) ENGINE=InnoDB AUTO_INCREMENT=1072 DEFAULT CHARSET=utf8;
/*!40101 SET character_set_client = @saved_cs_client */;

--
-- Dumping data for table `STUDENTS`
--

LOCK TABLES `STUDENTS` WRITE;
/*!40000 ALTER TABLE `STUDENTS` DISABLE KEYS */;
INSERT INTO `STUDENTS` VALUES (1002,'ÎšÎŸÎ¥ÎšÎŸÎ¥Î›Î‘ÎšÎ—Î£','Î•Î¡ÎœÎ—Î£','Î£Î Î¥Î¡Î™Î”Î©Î','','0000-00-00'),(854,'ÎšÎŸÎ¥ÎÎ”ÎŸÎ¥Î¡Î‘ÎšÎ—','Î‘ÎÎ¤Î©ÎÎ™Î‘','ÎÎ™ÎšÎŸÎ›Î‘ÎŸÎ£','','0000-00-00'),(1015,'ÎšÎŸÎ¥ÎÎ”ÎŸÎ¥Î¡Î‘ÎšÎ—Î£','Î—Î›Î™Î‘Î£','Î“Î•Î©Î¡Î“Î™ÎŸÎ£','','0000-00-00'),(941,'ÎšÎŸÎ¥ÎÎ”ÎŸÎ¥Î¡Î‘ÎšÎ—Î£','Î“Î•Î©Î¡Î“Î™ÎŸÎ£','Î•ÎœÎœÎ‘ÎÎŸÎ¥Î—Î›','','0000-00-00'),(855,'ÎšÎŸÎ¥Î¡Î¤Î‘ÎšÎ—','Î“Î•Î©Î¡Î“Î™Î‘','Î–Î‘Î§Î‘Î¡Î™Î‘Î£','','0000-00-00'),(1066,'ÎšÎŸÎ¥Î¤Î£Î‘ÎšÎ—','Î•Î™Î¡Î—ÎÎ—','Î“Î•Î©Î¡Î“Î™ÎŸÎ£','','0000-00-00'),(944,'ÎšÎŸÎ¥Î¤Î£Î‘ÎšÎ—Î£','Î§Î¡Î—Î£Î¤ÎŸÎ£','ÎšÎ©ÎÎ£Î¤Î‘ÎÎ¤Î™ÎÎŸÎ£','','0000-00-00'),(943,'ÎšÎŸÎ¥Î¤Î£Î‘ÎšÎ—Î£','Î•ÎœÎœÎ‘ÎÎŸÎ¥Î—Î›','Î™Î©Î‘ÎÎÎ—Î£','','0000-00-00'),(856,'ÎšÎŸÎ¥Î¤Î£Î‘ÎÎ¤Î©ÎÎ—','Î•Î™Î¡Î—ÎÎ—-ÎœÎ‘Î¡ÎšÎ•Î›Î‘','Î£Î Î¥Î¡Î™Î”Î©Î','','0000-00-00'),(1037,'ÎšÎŸÎ¥Î¤Î£Î™','Î Î•Î›ÎŸÎ¥ÎœÎ ','Î¡ÎŸÎœÎ Î•Î¡Î¤','','0000-00-00'),(942,'ÎšÎŸÎ¥Î¤Î•ÎÎ¤Î‘ÎšÎ—','Î•Î›Î•ÎÎ—','ÎšÎ©ÎÎ£Î¤Î‘ÎÎ¤Î™ÎÎŸÎ£','','0000-00-00'),(1065,'ÎšÎŸÎ¥Î¤Î•ÎÎ¤Î‘ÎšÎ—','Î•Î™Î¡Î—ÎÎ—','ÎšÎ©ÎÎ£Î¤Î‘ÎÎ¤Î™ÎÎŸÎ£','','0000-00-00'),(1036,'ÎšÎŸÎ¥Î“Î™ÎŸÎ¥ÎœÎ™Î¤Î–Î‘ÎšÎ—Î£','Î“Î•Î©Î¡Î“Î™ÎŸÎ£','ÎÎ•ÎšÎ¤Î‘Î¡Î™ÎŸÎ£','','0000-00-00'),(1001,'ÎšÎŸÎ›ÎŸÎÎ™Î‘Î¡Î™','Î•Î¡Î™Î¤Î–ÎŸÎ','Î›Î•Î©ÎÎ™Î”Î‘','','0000-00-00'),(857,'ÎšÎ¡Î‘Î£Î‘Î“Î‘ÎšÎ—Î£','ÎœÎ™Î§Î‘Î—Î›','ÎœÎ™Î§Î‘Î—Î›','','0000-00-00'),(1038,'ÎšÎ¥Î Î¡Î‘ÎšÎ—Î£','Î›Î‘ÎœÎ Î¡ÎŸÎ£','ÎšÎ©ÎÎ£Î¤Î‘ÎÎ¤Î™ÎÎŸÎ£','','0000-00-00'),(945,'ÎšÎ¥Î¡Î™Î‘ÎšÎ‘ÎšÎ—Î£','Î•ÎœÎœÎ‘ÎÎŸÎ¥Î—Î›','Î£Î¤Î‘Î¥Î¡ÎŸÎ£','','0000-00-00'),(1003,'ÎšÎ¥Î¡Î™Î‘ÎšÎ‘ÎšÎ—Î£','Î•ÎœÎœÎ‘ÎÎŸÎ¥Î—Î›','Î“Î•Î©Î¡Î“Î™ÎŸÎ£','','0000-00-00'),(858,'ÎšÎ¥Î”Î©ÎÎ‘ÎšÎ—Î£','ÎšÎ©ÎÎ£Î¤Î‘ÎÎ¤Î™ÎÎŸÎ£','Î•ÎœÎœÎ‘ÎÎŸÎ¥Î—Î›','','0000-00-00'),(1050,'ÎšÎ‘ÎŸÎ¥ÎšÎ‘ÎšÎ—Î£','Î“Î¡Î—Î“ÎŸÎ¡Î™ÎŸÎ£','Î’Î‘Î£Î™Î›Î•Î™ÎŸÎ£','','0000-00-00'),(1032,'ÎšÎ‘ÎÎ¤ÎŸ','Î¦Î¡Î‘ÎÎ¤Î–Î•Î£ÎšÎŸ','ÎœÎ™Î§Î‘Î›','','0000-00-00'),(847,'ÎšÎ‘ÎÎ‘ÎšÎ‘ÎšÎ—Î£','Î—Î›Î™Î‘Î£','Î”Î™ÎŸÎ“Î•ÎÎ—Î£','','0000-00-00'),(848,'ÎšÎ‘Î Î•Î¤Î‘ÎÎ‘ÎšÎ—','Î‘ÎÎ‘Î£Î¤Î‘Î£Î™Î‘','Î£Î¤Î¥Î›Î™Î‘ÎÎŸÎ£','','0000-00-00'),(937,'ÎšÎ‘Î Î•Î¤Î‘ÎÎ‘ÎšÎ—Î£','ÎœÎ™Î§Î‘Î—Î›','Î‘ÎÎ‘Î¡Î“Î¥Î¡ÎŸÎ£','','0000-00-00'),(1007,'ÎšÎ‘Î Î•Î¤Î‘ÎÎ‘ÎšÎ—Î£','Î‘ÎÎ¤Î©ÎÎ™ÎŸÎ£','ÎšÎ©ÎÎ£Î¤Î‘ÎÎ¤Î™ÎÎŸÎ£','','0000-00-00'),(1034,'ÎšÎ‘Î¡ÎŸÎ¥Î–Î‘ÎšÎ—Î£','ÎœÎ—ÎÎ‘Î£ Î•ÎœÎœÎ‘ÎÎŸÎ¥Î—Î›','ÎœÎ™Î§Î‘Î—Î›','','0000-00-00'),(919,'ÎšÎ‘Î¡Î¤Î‘Î›Î™Î‘ÎÎ‘ÎšÎ—Î£','ÎÎ™ÎšÎŸÎ›Î‘ÎŸÎ£','ÎšÎ©ÎÎ£Î¤Î‘ÎÎ¤Î™ÎÎŸÎ£','','0000-00-00'),(850,'ÎšÎ‘Î¡Î¤Î‘Î›Î™Î‘ÎÎ‘ÎšÎ—Î£','Î•ÎœÎœÎ‘ÎÎŸÎ¥Î—Î›-ÎœÎ—ÎÎ‘Î£','Î™Î©Î‘ÎÎÎ—Î£','','0000-00-00'),(1033,'ÎšÎ‘Î¡Î‘ÎœÎ‘ÎÎ™Î¤Î‘ÎšÎ—Î£','Î–Î‘Î§Î‘Î¡Î™Î‘Î£','ÎšÎ©ÎÎ£Î¤Î‘ÎÎ¤Î™ÎÎŸÎ£','','0000-00-00'),(849,'ÎšÎ‘Î¡Î’ÎŸÎ¥ÎÎ‘ÎšÎ—Î£','Î™Î©Î‘ÎÎÎ—Î£','Î£Î¤Î¥Î›Î™Î‘ÎÎŸÎ£','','0000-00-00'),(1014,'ÎšÎ‘Î¡Î“Î‘ÎšÎ—Î£','Î£Î¤Î•Î¦Î‘ÎÎŸÎ£','Î“Î•Î©Î¡Î“Î™ÎŸÎ£','','0000-00-00'),(938,'ÎšÎ‘Î¡Î“Î‘ÎšÎ—Î£','Î›Î•Î©ÎÎ™Î”Î‘Î£','Î§Î¡Î—Î£Î¤ÎŸÎ£','','0000-00-00'),(939,'ÎšÎ‘Î£Î©Î¤Î‘ÎšÎ—Î£','Î Î¥Î˜Î‘Î“ÎŸÎ¡Î‘Î£','ÎÎ™ÎšÎŸÎ›Î‘ÎŸÎ£','','0000-00-00'),(1035,'ÎšÎ‘Î¤ÎŸÎ¥ÎÎ¤Î™','ÎšÎ¡Î™Î£Î¤Î™','Î‘ÎÎ¤Î¡Î•Î‘','','0000-00-00'),(940,'ÎšÎ‘Î¨Î‘Î›Î—Î£','Î£Î Î¥Î¡Î™Î”Î©Î','ÎšÎ©ÎÎ£Î¤Î‘ÎÎ¤Î™ÎÎŸÎ£','','0000-00-00'),(935,'ÎšÎ‘ÎœÎ ÎŸÎ¥Î¡Î‘ÎšÎ—','ÎšÎ‘Î›Î›Î™ÎŸÎ Î—','Î”Î—ÎœÎ—Î¤Î¡Î™ÎŸÎ£','','0000-00-00'),(936,'ÎšÎ‘ÎœÎ ÎŸÎ¥Î¡Î‘ÎšÎ—Î£','ÎšÎ©ÎÎ£Î¤Î‘ÎÎ¤Î™ÎÎŸÎ£','Î”Î—ÎœÎ—Î¤Î¡Î™ÎŸÎ£','','0000-00-00'),(1031,'ÎšÎ‘Î”Î™Î‘ÎÎ‘ÎšÎ—Î£','ÎÎ™ÎšÎŸÎ›Î‘ÎŸÎ£','ÎÎ™ÎšÎŸÎ›Î‘ÎŸÎ£','','0000-00-00'),(1064,'ÎšÎ‘Î›ÎŸÎ“Î™Î‘ÎÎÎ‘ÎšÎ—','Î•Î¥Î“Î•ÎÎ™Î‘','ÎœÎ‘ÎÎŸÎ¥Î£ÎŸÎ£','','0000-00-00'),(933,'ÎšÎ‘Î›Î‘ÎªÎ¤Î–Î‘ÎšÎ—Î£','Î•ÎœÎœÎ‘ÎÎŸÎ¥Î—Î›','Î•Î¥Î‘Î“Î“Î•Î›ÎŸÎ£','','0000-00-00'),(934,'ÎšÎ‘Î›Î›Î•Î¡Î“Î—','Î™Î©Î‘ÎÎÎ‘','ÎœÎ™Î§Î‘Î—Î›','','0000-00-00'),(853,'ÎšÎ›Î‘Î”ÎŸÎ£','Î§Î‘Î¡Î‘Î›Î‘ÎœÎ ÎŸÎ£','Î™Î©Î‘ÎÎÎ—Î£','','0000-00-00'),(852,'ÎšÎ™ÎŸÎ£Î™Î‘','ÎœÎ‘Î¡Î™ÎÎ•Î›Î‘','ÎœÎ Î•Î§Î‘Î¡','','0000-00-00'),(851,'ÎšÎ™ÎÎ‘Î¤Î–Î—','ÎœÎ‘Î¡Î™Î‘','Î™Î©Î‘ÎÎÎ—Î£','','0000-00-00'),(879,'ÎŸÎ¡Î¦Î‘ÎÎŸÎ¥Î”Î‘ÎšÎ—','Î§Î‘Î¡Î‘','Î§Î¡Î—Î£Î¤ÎŸÎ£','','0000-00-00'),(1042,'ÎŸÎ¡Î¦Î‘ÎÎŸÎ¥Î”Î‘ÎšÎ—Î£','Î“Î¡Î—Î“ÎŸÎ¡Î—Î£','ÎšÎ©ÎÎ£Î¤Î‘ÎÎ¤Î™ÎÎŸÎ£','','0000-00-00'),(1008,'ÎžÎ•ÎšÎ‘Î¡Î”Î‘ÎšÎ—Î£','Î™Î©Î‘ÎÎÎ—Î£','Î›Î•Î©ÎÎ™Î”Î‘Î£','','0000-00-00'),(958,'ÎžÎ•ÎÎ‘ÎšÎ—Î£','Î“Î•Î©Î¡Î“Î™ÎŸÎ£','ÎÎ•ÎšÎ¤Î‘Î¡Î™ÎŸÎ£','','0000-00-00'),(957,'ÎÎ¤Î•ÎÎ¤Î‘','ÎœÎ‘Î¡Îš','Î Î¡Î•Î¤Î£','','0000-00-00'),(878,'ÎÎ¤Î™Î£Î Î¥Î¡Î‘ÎšÎ—','Î£ÎŸÎ¦Î™Î‘','Î”Î—ÎœÎŸÎ£Î˜Î•ÎÎ—Î£','','0000-00-00'),(877,'ÎÎ¤Î™Î£Î Î¥Î¡Î‘ÎšÎ—','ÎœÎ‘Î¡Î™Î‘','Î“Î•Î©Î¡Î“Î™ÎŸÎ£','','0000-00-00'),(1022,'ÎÎ¤Î™Î£Î Î¥Î¡Î‘ÎšÎ—','Î‘Î›Î•ÎžÎ™Î‘','Î“Î•Î©Î¡Î“Î™ÎŸÎ£','','0000-00-00'),(876,'ÎÎ¤Î™Î£Î Î¥Î¡Î‘ÎšÎ—','Î•Î›Î•Î¥Î˜Î•Î¡Î™Î‘','Î“Î•Î©Î¡Î“Î™ÎŸÎ£','','0000-00-00'),(1021,'ÎÎ•ÎŸÎÎ‘ÎšÎ—Î£','Î™Î©Î‘ÎÎÎ—Î£','ÎšÎ©ÎÎ£Î¤Î‘ÎÎ¤Î™ÎÎŸÎ£','','0000-00-00'),(874,'ÎÎ™ÎšÎŸÎ›Î™Î”Î‘ÎšÎ—','Î•Î¥Î‘Î“Î“Î•Î›Î™Î‘','ÎšÎ©ÎÎ£Î¤Î‘ÎÎ¤Î™ÎÎŸÎ£-ÎœÎ™Î§Î‘Î—Î›','','0000-00-00'),(956,'ÎÎ™Î©Î¤Î‘ÎšÎ—','ÎœÎ‘Î¡Î™Î‘','Î•ÎœÎœÎ‘ÎÎŸÎ¥Î—Î›','','0000-00-00'),(875,'ÎÎ™Î©Î¤Î‘ÎšÎ—Î£','ÎœÎ¥Î¡Î©ÎÎ‘Î£','Î™Î©Î‘ÎÎÎ—Î£','','0000-00-00'),(918,'ÎÎ™Î˜Î‘Î¥Î¡Î™Î‘ÎÎ‘ÎšÎ—Î£','ÎÎ™ÎšÎŸÎ›Î‘ÎŸÎ£','Î‘ÎÎ¤Î©ÎÎ™ÎŸÎ£','','0000-00-00'),(995,'Î Î¡Î©Î¤ÎŸÎÎŸÎ¤Î‘Î¡Î™ÎŸÎ£','Î•Î¥Î‘Î“Î“Î•Î›ÎŸÎ£','Î”Î—ÎœÎ—Î¤Î¡Î™ÎŸÎ£','','0000-00-00'),(1052,'Î Î¡Î™Î¦Î¤Î™','Î•Î¡ÎœÎŸÎÎ•Î›Î‘','Î£Î Î™Î¡ÎŸ','','0000-00-00'),(881,'Î Î‘ÎÎ¤Î•Î›Î‘ÎšÎ—','Î•Î¥Î‘Î“Î“Î•Î›Î™Î‘','ÎšÎ©ÎÎ£Î¤Î‘ÎÎ¤Î™ÎÎŸÎ£','','0000-00-00'),(882,'Î Î‘ÎÎ¤Î•Î›Î‘ÎšÎ—Î£','Î‘ÎÎ”Î¡Î•Î‘Î£','Î£Î Î¥Î¡Î™Î”Î©Î','','0000-00-00'),(880,'Î Î‘ÎÎ™Î•Î¡Î‘ÎšÎ—','Î’Î‘Î£Î™Î›Î™ÎšÎ—','ÎÎ™ÎšÎŸÎ›Î‘ÎŸÎ£','','0000-00-00'),(885,'Î Î‘Î ÎŸÎ¥Î¤Î£Î‘ÎšÎ—','Î§Î¡Î™Î£Î¤Î™ÎÎ‘','ÎœÎ™Î§Î‘Î—Î›','','0000-00-00'),(960,'Î Î‘Î ÎŸÎ¥Î¤Î£Î‘ÎšÎ—Î£','Î“Î•Î©Î¡Î“Î™ÎŸÎ£','ÎœÎ™Î§Î‘Î—Î›','','0000-00-00'),(884,'Î Î‘Î Î‘Î£Î¤Î•Î¦Î‘ÎÎ‘ÎšÎ—','ÎšÎ©ÎÎ£Î¤Î‘ÎÎ¤Î™ÎÎ‘','Î•ÎœÎœÎ‘ÎÎŸÎ¥Î—Î›','','0000-00-00'),(1055,'Î Î‘Î Î‘ÎœÎ™Î§Î•Î›Î‘ÎšÎ—Î£','ÎÎ™ÎšÎŸÎ›Î‘ÎŸÎ£','Î™Î©Î‘ÎÎÎ—Î£','','0000-00-00'),(1069,'Î Î‘Î Î‘Î“Î™Î‘ÎÎÎ‘ÎšÎ—','Î‘Î™ÎšÎ‘Î¤Î•Î¡Î™ÎÎ—','ÎœÎ‘Î¡ÎšÎŸÎ£','','0000-00-00'),(883,'Î Î‘Î Î‘Î”ÎŸÎœÎ‘ÎÎ©Î›Î‘ÎšÎ—Î£','Î•ÎœÎœÎ‘ÎÎŸÎ¥Î—Î›','ÎÎ™ÎšÎŸÎ›Î‘ÎŸÎ£','','0000-00-00'),(1009,'Î Î‘Î¡Î˜Î•ÎÎ‘ÎšÎ—Î£','ÎœÎ™Î§Î‘Î—Î›','Î˜Î©ÎœÎ‘Î£','','0000-00-00'),(961,'Î Î‘Î¡Î‘Î£ÎšÎ•Î¥ÎŸÎ ÎŸÎ¥Î›ÎŸÎ¥','Î•Î¥Î¦Î¡Î‘Î™ÎœÎ™Î‘','Î¦Î©Î¤Î™ÎŸÎ£','','0000-00-00'),(1043,'Î Î‘Î¤Î‘ÎšÎŸÎ£','Î Î•Î¤Î¡ÎŸÎ£','Î™Î©Î‘ÎÎÎ—Î£','','0000-00-00'),(887,'Î Î‘Î¤Î‘ÎšÎ—','Î Î•Î›Î‘Î“Î™Î‘','Î‘ÎÎ¤Î©ÎÎ™ÎŸÎ£','','0000-00-00'),(886,'Î Î‘Î¤Î‘ÎšÎ—','Î•Î¥Î‘Î“Î“Î•Î›Î™Î‘','Î‘ÎÎ¤Î©ÎÎ™ÎŸÎ£','','0000-00-00'),(959,'Î Î‘Î›Î‘ÎœÎ™Î‘ÎÎ‘ÎšÎ—Î£','ÎœÎ™Î§Î‘Î—Î›','Î“Î•Î©Î¡Î“Î™ÎŸÎ£','','0000-00-00'),(1070,'Î Î•Î¡Î™Î£Î¤Î•Î¡Î—','ÎœÎ‘Î¡Î™Î‘','Î”Î—ÎœÎ—Î¤Î¡Î™ÎŸÎ£','','0000-00-00'),(1071,'Î Î•Î¤Î¡ÎŸÎ¥Î›Î‘ÎšÎ—','Î‘ÎÎ¤Î©ÎÎ™Î‘','Î™Î©Î‘ÎÎÎ—Î£','','0000-00-00'),(994,'Î Î•Î¤Î¡Î‘ÎšÎ—Î£','Î¦Î¡Î‘Î“ÎšÎ™Î£ÎšÎŸÎ£','Î•ÎœÎœÎ‘ÎÎŸÎ¥Î—Î›','','0000-00-00'),(962,'Î Î•Î¤Î¡Î‘ÎšÎ—Î£','Î–Î‘Î§Î‘Î¡Î™Î‘Î£','ÎÎ™ÎšÎŸÎ›Î‘ÎŸÎ£','','0000-00-00'),(1004,'Î Î•ÎªÎŸÎ£','Î—Î¡Î‘ÎšÎ›Î•Î™Î¤ÎŸÎ£','Î’Î‘Î£Î™Î›Î•Î™ÎŸÎ£','','0000-00-00'),(963,'Î Î›ÎŸÎ¥Î£ÎŸÎ£','Î“Î•Î©Î¡Î“Î™ÎŸÎ£','Î£Î¤Î•Î¡Î“Î™ÎŸÎ£','','0000-00-00'),(888,'Î¡ÎŸÎ¥Î£Î‘ÎÎ™Î”Î—','Î Î©Î›Î‘-Î‘ÎÎ¥','Î‘Î ÎŸÎ£Î¤ÎŸÎ›ÎŸÎ£','','0000-00-00'),(965,'Î¡ÎŸÎ¥Î¤Î£Î‘Îª','Î¡Î•ÎÎ¤ÎŸÎ','ÎÎ‘Î–Î™Î¦','','0000-00-00'),(1010,'Î¡Î—Î“Î‘ÎšÎ—Î£','Î•ÎœÎœÎ‘ÎÎŸÎ¥Î—Î›','Î‘ÎÎ¤Î©ÎÎ™ÎŸÎ£','','0000-00-00'),(964,'Î¡Î‘Î Î¤Î‘ÎšÎ—Î£','Î¦Î‘ÎÎŸÎ¥Î¡Î™ÎŸÎ£','Î•ÎœÎœÎ‘ÎÎŸÎ¥Î—Î›','','0000-00-00'),(1044,'Î¡Î‘ÎœÎ‘','Î‘ÎÎ¤Î™','Î¡Î•Î£Î‘Î¤','','0000-00-00'),(891,'Î£ÎŸÎ¦ÎŸÎ¥Î›Î‘ÎšÎ—','Î‘ÎÎÎ‘','Î§Î‘Î¡Î™Î›Î‘ÎŸÎ£','','0000-00-00'),(1045,'Î£Î Î¥Î¡ÎŸÎ¥','Î”Î—ÎœÎ—Î¤Î¡Î™ÎŸÎ£','Î“Î•Î©Î¡Î“Î™ÎŸÎ£','','0000-00-00'),(969,'Î£Î Î¥Î¡Î™Î”Î‘ÎšÎ—Î£','Î Î‘ÎÎ¤Î•Î›Î•Î—ÎœÎ©Î','Î•ÎœÎœÎ‘ÎÎŸÎ¥Î—Î›','','0000-00-00'),(920,'Î£Î Î‘ÎÎ•Î›Î—Î£','Î‘ÎÎ‘Î£Î¤Î‘Î£Î™ÎŸÎ£','Î“Î•Î©Î¡Î“Î™ÎŸÎ£','','0000-00-00'),(892,'Î£Î Î™ÎÎ˜Î‘ÎšÎ—','ÎœÎ‘Î¡Î™Î‘','Î“Î•Î©Î¡Î“Î™ÎŸÎ£','','0000-00-00'),(971,'Î£Î¤Î¡ÎŸÎ¥ÎœÎ Î‘ÎšÎ—Î£','Î•ÎœÎœÎ‘ÎÎŸÎ¥Î—Î›','Î“Î•Î©Î¡Î“Î™ÎŸÎ£','','0000-00-00'),(996,'Î£Î¤Î¡Î‘Î¤Î™Î”Î‘ÎšÎ—Î£','Î›Î‘ÎœÎ Î¡ÎŸÎ£','Î‘Î›Î•ÎžÎ‘ÎÎ”Î¡ÎŸÎ£','','0000-00-00'),(997,'Î£Î¤Î¥Î›Î™Î‘ÎÎ‘ÎšÎ—Î£','Î“Î•Î©Î¡Î“Î™ÎŸÎ£','ÎœÎ™Î§Î‘Î—Î›','','0000-00-00'),(893,'Î£Î¤Î‘Î¥Î¡Î™Î‘ÎÎ‘ÎšÎ—','Î•Î¥Î¤Î¥Î§Î™Î‘','Î¤Î™Î¤ÎŸÎ£','','0000-00-00'),(894,'Î£Î¤Î‘Î¥Î¡Î™Î‘ÎÎ‘ÎšÎ—Î£','ÎœÎ™Î§Î‘Î—Î›','Î‘ÎÎ¤Î©ÎÎ™ÎŸÎ£','','0000-00-00'),(1057,'Î£Î¤Î•Î¦Î‘ÎÎŸÎ¥Î”Î‘ÎšÎ—Î£','Î§Î¡Î—Î£Î¤ÎŸÎ£','ÎœÎ—ÎÎ‘Î£','','0000-00-00'),(895,'Î£Î¤Î•Î¦Î‘ÎÎ‘ÎšÎ—Î£','Î˜Î©ÎœÎ‘Î£','Î£Î¤Î¥Î›Î™Î‘ÎÎŸÎ£','','0000-00-00'),(970,'Î£Î¤Î•Î™Î‘ÎšÎ‘ÎšÎ—','Î”Î—ÎœÎ—Î¤Î¡Î‘','Î•ÎœÎœÎ‘ÎÎŸÎ¥Î—Î›','','0000-00-00'),(896,'Î£Î¦Î‘ÎšÎ™Î‘ÎÎ‘ÎšÎ—','ÎœÎ‘Î¡Î™Î‘','Î£Î¤Î•Î¦Î‘ÎÎŸÎ£','','0000-00-00'),(1017,'Î£Î¦Î™ÎÎ™Î‘Î£','Î“Î•Î©Î¡Î“Î™ÎŸÎ£','Î•ÎœÎœÎ‘ÎÎŸÎ¥Î—Î›','','0000-00-00'),(897,'Î£Î§ÎŸÎ›Î™ÎÎ‘ÎšÎ—','ÎœÎ‘Î¡Î™Î‘-Î£Î¤Î‘ÎœÎ‘Î¤Î™Î‘','ÎœÎ™Î§Î‘Î—Î›','','0000-00-00'),(898,'Î£Î§ÎŸÎ›Î™ÎÎ‘ÎšÎ—Î£','ÎÎ™ÎšÎŸÎ›Î‘ÎŸÎ£','ÎœÎ™Î§Î‘Î—Î›','','0000-00-00'),(972,'Î£Î§ÎŸÎ™ÎÎ‘Î¡Î‘ÎšÎ—','Î‘Î™ÎšÎ‘Î¤Î•Î¡Î™ÎÎ—','Î£Î Î¥Î¡Î™Î”Î©Î','','0000-00-00'),(1053,'Î£Î§ÎŸÎ™ÎÎ‘Î¡Î‘ÎšÎ—','Î•Î›Î•ÎÎ—','Î£Î Î¥Î¡Î™Î”Î©Î','','0000-00-00'),(1018,'Î£Î§ÎŸÎ™ÎÎ‘Î¡Î‘ÎšÎ—Î£','ÎÎ™ÎšÎŸÎ›Î‘ÎŸÎ£','ÎÎ•ÎšÎ¤Î‘Î¡Î™ÎŸÎ£','','0000-00-00'),(890,'Î£ÎœÎ¥Î¡ÎÎ‘Î™ÎŸÎ£','ÎšÎ¡Î™Î¤Î©ÎÎ‘Î£-Î§Î¡Î—Î£Î¤ÎŸÎ£','Î’Î‘Î£Î™Î›Î•Î™ÎŸÎ£','','0000-00-00'),(1011,'Î£ÎœÎ‘Î¡Î‘Î“Î”Î‘ÎšÎ—Î£','Î‘ÎÎ¤Î©ÎÎ™ÎŸÎ£','Î™Î©Î‘ÎÎÎ—Î£','','0000-00-00'),(968,'Î£Î—Î¦Î‘ÎšÎ—Î£','ÎÎ™ÎšÎŸÎ›Î‘ÎŸÎ£','Î‘Î§Î™Î›Î›Î•Î¥Î£','','0000-00-00'),(889,'Î£Î‘Î¡Î‘ÎÎ¤ÎŸÎ¥Î›Î‘ÎšÎ—Î£','ÎœÎ™Î§Î‘Î—Î›','ÎÎ™ÎšÎŸÎ›Î‘ÎŸÎ£','','0000-00-00'),(967,'Î£Î‘Î¡Î™Î”Î‘ÎšÎ—Î£','ÎœÎ™Î§Î‘Î—Î›','Î’Î‘Î£Î™Î›Î•Î™ÎŸÎ£','','0000-00-00'),(1023,'Î£Î‘ÎœÎ™Î©Î¤Î‘ÎšÎ—Î£','Î•ÎœÎœÎ‘ÎÎŸÎ¥Î—Î›','Î”Î—ÎœÎ—Î¤Î¡Î™ÎŸÎ£','','0000-00-00'),(966,'Î£Î‘Î’Î’Î‘ÎšÎ—','Î§Î¡Î¥Î£Î‘ÎÎ˜Î—','Î“Î•Î©Î¡Î“Î™ÎŸÎ£','','0000-00-00'),(1056,'Î£Î‘Î’Î’Î‘ÎšÎ—Î£','Î•Î¡Î©Î¤ÎŸÎšÎ¡Î™Î¤ÎŸÎ£','Î•Î¥Î‘Î“Î“Î•Î›ÎŸÎ£','','0000-00-00'),(1058,'Î¤ÎŸÎÎ¤ÎŸÎ¡ÎŸÎ¦','Î“ÎšÎ™ÎŸÎ¡ÎšÎ™','Î™Î’Î‘Î','','0000-00-00'),(1012,'Î¤ÎŸÎ Î‘Î›Î›Î™','Î•ÎÎ¤Î™Î£ÎŸÎ','ÎÎ™ÎšÎŸÎ›Î™Î','','0000-00-00'),(907,'Î¤Î£ÎŸÎ¥Î Î™','Î Î¡Î•ÎÎ“Îš','ÎÎ¤ÎŸÎ¥Î•Î£','','0000-00-00'),(906,'Î¤Î£ÎŸÎœÎ‘Îª','Î‘ÎÎ¤Î©Î','ÎœÎ‘Î¡Î¤Î™Î','','0000-00-00'),(905,'Î¤Î£Î‘ÎšÎ‘Î›Î‘ÎšÎ—','Î£Î¤Î¥Î›Î™Î‘ÎÎ—','ÎÎ™ÎšÎŸÎ›Î‘ÎŸÎ£','','0000-00-00'),(978,'Î¤Î£Î‘Î Î‘ÎšÎ—Î£','ÎŸÎ”Î¥Î£Î£Î•Î‘Î£','Î•ÎœÎœÎ‘ÎÎŸÎ¥Î—Î›','','0000-00-00'),(977,'Î¤Î£Î‘Î“ÎšÎ‘Î¡Î‘ÎšÎ—Î£','ÎœÎ™Î§Î‘Î—Î›','Î•ÎœÎœÎ‘ÎÎŸÎ¥Î—Î›','','0000-00-00'),(1024,'Î¤Î£Î™ÎšÎÎ‘ÎšÎ—Î£','ÎÎ™ÎšÎ—Î¤Î‘Î£','ÎšÎ©ÎÎ£Î¤Î‘ÎÎ¤Î™ÎÎŸÎ£','','0000-00-00'),(1059,'Î¤Î£Î™ÎšÎÎ‘ÎšÎ—Î£','Î£Î¤Î¥Î›Î™Î‘ÎÎŸÎ£','Î“Î•Î©Î¡Î“Î™ÎŸÎ£','','0000-00-00'),(979,'Î¤Î£Î™ÎšÎ¡Î™Î¤Î£Î‘ÎšÎ—','Î‘Î¡Î¤Î•ÎœÎ—','ÎšÎ©ÎÎ£Î¤Î‘ÎÎ¤Î™ÎÎŸÎ£','','0000-00-00'),(1047,'Î¤Î–ÎŸÎ’Î‘ÎÎ™','Î¦Î™ÎŸÎ¡Î‘Î›ÎœÎ ','Î‘ÎÎ¤ÎŸÎÎ™ÎŸ','','0000-00-00'),(903,'Î¤Î–Î©Î¡Î¤Î–Î‘ÎšÎ—','Î ÎŸÎ›Î¥ÎœÎÎ™Î‘','Î•ÎœÎœÎ‘ÎÎŸÎ¥Î—Î›','','0000-00-00'),(1048,'Î¤Î–Î©Î¡Î¤Î–Î‘ÎšÎ—Î£','Î§Î‘Î¡Î‘Î›Î‘ÎœÎ ÎŸÎ£','Î‘ÎÎ”Î¡Î•Î‘Î£','','0000-00-00'),(902,'Î¤Î–Î©Î¡Î¤Î–Î‘ÎšÎ‘ÎšÎ—','Î¡Î‘Î¦Î‘Î•Î›Î‘','ÎÎ™ÎšÎŸÎ›Î‘ÎŸÎ£','','0000-00-00'),(976,'Î¤Î–Î‘Î“ÎšÎ‘Î¡Î‘ÎšÎ—Î£','Î Î‘Î¥Î›ÎŸÎ£','Î“Î•Î©Î¡Î“Î™ÎŸÎ£','','0000-00-00'),(1046,'Î¤Î–Î‘Î“ÎšÎ‘Î¡Î‘ÎšÎ—Î£','Î‘ÎÎ¤Î©ÎÎ™ÎŸÎ£','ÎÎ™ÎšÎŸÎ›Î‘ÎŸÎ£','','0000-00-00'),(975,'Î¤Î–Î‘Î“ÎšÎ‘Î¡Î‘ÎšÎ—Î£','Î™Î©Î‘ÎÎÎ—Î£','Î”Î—ÎœÎ—Î¤Î¡Î™ÎŸÎ£','','0000-00-00'),(973,'Î¤Î‘Î¡Î•','ÎšÎ©ÎÎ£Î¤Î‘ÎÎ¤Î™ÎÎŸÎ£','Î‘ÎÎ”Î¡Î•Î‘Î£','','0000-00-00'),(974,'Î¤Î‘Î¦Î‘','Î•ÎÎ¤Î¡Î™Î¤','Î›ÎŸÎ¥Î¦Î¤Î‘Î¡','','0000-00-00'),(899,'Î¤Î‘Î’Î•Î¡ÎÎ‘Î¡Î‘ÎšÎ—','Î•Î™Î¡Î—ÎÎ—','ÎÎ•ÎšÎ¤Î‘Î¡Î™ÎŸÎ£','','0000-00-00'),(901,'Î¤Î‘Î“Î‘Î¡Î‘ÎšÎ—','Î¡Î‘Î¦Î‘Î•Î›Î‘-Î•Î›Î•ÎÎ—','Î‘Î£Î¤Î¡Î™ÎÎŸÎ£-ÎÎ™ÎšÎŸÎ›Î‘ÎŸÎ£','','0000-00-00'),(900,'Î¤Î‘Î“Î‘Î¡Î‘ÎšÎ—','ÎœÎ‘Î¡Î™Î‘','Î‘Î£Î¤Î¡Î™ÎÎŸÎ£','','0000-00-00'),(904,'Î¤Î™Î¤Î‘ÎšÎ—','Î•ÎœÎœÎ‘ÎÎŸÎ¥Î•Î›Î‘','Î•Î›Î•Î¥Î˜Î•Î¡Î™ÎŸÎ£','','0000-00-00'),(1019,'Î¤Î™Î¤Î‘ÎšÎ—Î£','Î‘Î ÎŸÎ£Î¤ÎŸÎ›ÎŸÎ£','ÎÎ™ÎšÎŸÎ›Î‘ÎŸÎ£','','0000-00-00'),(1060,'Î¦Î¡Î¥Î£ÎŸÎ¥Î›Î—Î£','Î“Î•Î©Î¡Î“Î™ÎŸÎ£','Î“Î•Î©Î¡Î“Î™ÎŸÎ£','','0000-00-00'),(983,'Î¦Î¡Î‘Î“ÎšÎ™Î‘Î”Î‘ÎšÎ—','Î•Î™Î¡Î—ÎÎ—','Î•ÎœÎœÎ‘ÎÎŸÎ¥Î—Î›','','0000-00-00'),(980,'Î¦Î‘ÎÎŸÎ¥Î¡Î‘ÎšÎ—','Î“Î•Î©Î¡Î“Î™Î‘','ÎœÎ™Î§Î‘Î—Î›','','0000-00-00'),(1025,'Î¦Î‘ÎÎŸÎ¥Î¡Î‘ÎšÎ—Î£','ÎšÎ©ÎÎ£Î¤Î‘ÎÎ¤Î™ÎÎŸÎ£ Î Î‘ÎÎ‘Î“Î™Î©Î¤Î—Î£','Î™Î©Î‘ÎÎÎ—Î£','','0000-00-00'),(1005,'Î¦Î‘ÎÎŸÎ¥Î¡Î‘ÎšÎ—Î£','Î˜Î•ÎŸÎ”Î©Î¡ÎŸÎ£','Î™Î©Î‘ÎÎÎ—Î£','','0000-00-00'),(981,'Î¦Î‘ÎÎŸÎ¥Î¡Î‘ÎšÎ—Î£','Î‘ÎÎ¤Î©ÎÎ™ÎŸÎ£','Î™Î©Î‘ÎÎÎ—Î£','','0000-00-00'),(982,'Î¦Î‘Î¡Î‘Î“ÎšÎŸÎ¥Î›Î™Î¤Î‘ÎšÎ—Î£','Î“Î•Î©Î¡Î“Î™ÎŸÎ£','Î•Î¥Î‘Î“Î“Î•Î›ÎŸÎ£','','0000-00-00'),(911,'Î¦Î‘Î£ÎŸÎ¥Î›Î‘ÎšÎ—','Î‘Î¡Î¤Î•ÎœÎ—','ÎÎ™ÎšÎŸÎ›Î‘ÎŸÎ£','','0000-00-00'),(910,'Î¦Î‘Î£ÎŸÎ¥Î›Î‘ÎšÎ—','Î‘Î›Î•ÎžÎ‘ÎÎ”Î¡Î‘','Î“Î•Î©Î¡Î“Î™ÎŸÎ£','','0000-00-00'),(909,'Î¦Î‘Î£ÎŸÎœÎ¥Î¤Î‘ÎšÎ—Î£','Î–Î‘Î§Î‘Î¡Î™Î‘Î£','Î‘ÎÎ¤Î©ÎÎ™ÎŸÎ£','','0000-00-00'),(908,'Î¦Î‘Î£ÎŸÎœÎ¥Î¤Î‘ÎšÎ—Î£','Î“Î•Î©Î¡Î“Î™ÎŸÎ£','Î‘Î£Î¤Î¡Î™ÎÎŸÎ£','','0000-00-00'),(912,'Î¦Î™Î¤Î£Î‘ÎšÎ—Î£','Î™Î©Î‘ÎÎÎ—Î£','Î•Î›Î•Î¥Î˜Î•Î¡Î™ÎŸÎ£','','0000-00-00'),(986,'Î§ÎŸÎ¥Î£Î¤ÎŸÎ¥Î›Î‘ÎšÎ—Î£','Î‘Î›Î•ÎžÎ‘ÎÎ”Î¡ÎŸÎ£','Î™Î©Î‘ÎÎÎ—Î£','','0000-00-00'),(987,'Î§ÎŸÎ¥Î£Î¤ÎŸÎ¥Î›Î‘ÎšÎ—Î£','Î”Î—ÎœÎ—Î¤Î¡Î™ÎŸÎ£-Î‘Î›Î•ÎžÎ‘ÎÎ”Î¡ÎŸÎ£','Î”Î—ÎœÎ—Î¤Î¡Î™ÎŸÎ£','','0000-00-00'),(916,'Î§Î¡Î™Î£Î¤ÎŸÎ¦Î‘ÎšÎ—','Î£ÎŸÎ¦Î™Î‘','Î™Î©Î‘ÎÎÎ—Î£','','0000-00-00'),(915,'Î§Î¡Î™Î£Î¤ÎŸÎ”ÎŸÎ¥Î›Î‘ÎšÎ—','Î•Î›Î•ÎÎ—','Î“Î•Î©Î¡Î“Î™ÎŸÎ£','','0000-00-00'),(913,'Î§Î‘ÎÎ™Î©Î¤Î‘ÎšÎ—Î£','Î™Î©Î‘ÎÎÎ—Î£','ÎœÎ™Î§Î‘Î—Î›','','0000-00-00'),(914,'Î§Î‘Î¡Î™Î£Î¤Î‘ÎšÎ—','Î§Î¡Î¥Î£Î—','Î•ÎœÎœÎ‘ÎÎŸÎ¥Î—Î›','','0000-00-00'),(985,'Î§Î‘Î¡Î™Î£Î¤Î‘ÎšÎ—','Î•Î¥Î‘Î“Î“Î•Î›Î™Î‘','Î§Î‘Î¡Î‘Î›Î‘ÎœÎ ÎŸÎ£','','0000-00-00'),(1006,'Î§Î‘Î¡Î™Î£Î¤Î‘ÎšÎ—Î£','ÎœÎ™Î§Î‘Î—Î›','Î™Î©Î‘ÎÎÎ—Î£','','0000-00-00'),(998,'Î§Î‘Î¡Î™Î£Î¤Î‘ÎšÎ—Î£','Î•ÎœÎœÎ‘ÎÎŸÎ¥Î—Î›','Î™Î©Î‘ÎÎÎ—Î£','','0000-00-00'),(1061,'Î§Î‘Î£ÎŸÎ¥Î¡Î‘ÎšÎ—Î£','Î“Î•Î©Î¡Î“Î™ÎŸÎ£','ÎÎ™ÎšÎŸÎ›Î‘ÎŸÎ£','','0000-00-00'),(1054,'Î§Î‘Î¤Î–Î—Î”Î‘ÎšÎ—Î£','ÎÎ™ÎšÎŸÎ›Î‘ÎŸÎ£','Î“Î•Î©Î¡Î“Î™ÎŸÎ£','','0000-00-00'),(984,'Î§Î‘ÎœÎ‘Î›Î‘ÎšÎ—Î£','Î•Î¥Î‘Î“Î“Î•Î›ÎŸÎ£','Î¦Î¡Î‘Î“ÎšÎ™Î£ÎšÎŸÎ£','','0000-00-00'),(917,'Î¨Î‘Î¡ÎŸÎ¥Î”Î‘ÎšÎ—','Î‘Î¦Î¡ÎŸÎ”Î™Î¤Î—','ÎœÎ‘Î¡ÎšÎŸÎ£','','0000-00-00'),(954,'ÎœÎŸÎ¥Î£Î‘Î”Î‘ÎšÎ—','Î™Î©Î‘ÎÎÎ‘','ÎœÎ™Î§Î‘Î—Î›','','0000-00-00'),(955,'ÎœÎ Î‘ÎšÎ‘ÎÎ¤Î‘ÎšÎ—Î£','Î£Î¤Î‘ÎœÎ‘Î¤Î™ÎŸÎ£','Î•ÎœÎœÎ‘ÎÎŸÎ¥Î—Î›','','0000-00-00'),(873,'ÎœÎ Î‘Î¡Î¤Î£','ÎœÎ‘Î¡Î™Î‘','ÎœÎ‘Îž','','0000-00-00'),(1041,'ÎœÎ Î‘Î¤Î–Î‘ÎšÎ‘ÎšÎ—Î£','ÎšÎ©ÎÎ£Î¤Î‘ÎÎ¤Î™ÎÎŸÎ£','Î“Î•Î©Î¡Î“Î™ÎŸÎ£','','0000-00-00'),(1016,'ÎœÎ Î•Î¡ÎšÎ‘ÎšÎ—Î£','Î“Î•Î©Î¡Î“Î™ÎŸÎ£','Î•ÎœÎœÎ‘ÎÎŸÎ¥Î—Î›','','0000-00-00'),(993,'ÎœÎ Î™ÎšÎ‘ÎšÎ—Î£','ÎœÎ™Î§Î‘Î—Î›','Î™Î©Î‘ÎÎÎ—Î£','','0000-00-00'),(951,'ÎœÎ‘ÎšÎ¡Î¥Î”Î‘ÎšÎ—Î£','ÎÎ™ÎšÎŸÎ›Î‘ÎŸÎ£','Î•ÎœÎœÎ‘ÎÎŸÎ¥Î—Î›','','0000-00-00'),(1040,'ÎœÎ‘ÎšÎ¡Î¥Î”Î‘ÎšÎ—Î£','Î•ÎœÎœÎ‘ÎÎŸÎ¥Î—Î›','Î’Î•ÎÎ™Î–Î•Î›ÎŸÎ£','','0000-00-00'),(864,'ÎœÎ‘ÎÎŸÎ¥Î£Î‘ÎšÎ—Î£','Î“Î•Î¡Î‘Î£Î™ÎœÎŸÎ£','Î•ÎœÎœÎ‘ÎÎŸÎ¥Î—Î›','','0000-00-00'),(952,'ÎœÎ‘ÎÎ‘Î£Î‘ÎšÎ—Î£','Î Î‘Î¥Î›ÎŸÎ£','ÎšÎ©ÎÎ£Î¤Î‘ÎÎ¤Î™ÎÎŸÎ£','','0000-00-00'),(1068,'ÎœÎ‘Î¡ÎšÎŸÎ“Î™Î‘ÎÎÎ‘ÎšÎ—','ÎœÎ‘Î¡Î™Î‘','Î“Î•Î©Î¡Î“Î™ÎŸÎ£','','0000-00-00'),(865,'ÎœÎ‘Î¡Î‘ÎšÎŸÎœÎ™Î§Î•Î›Î‘ÎšÎ—','Î‘Î›Î•ÎžÎ‘ÎÎ”Î¡Î‘','Î§Î‘Î¡Î‘Î›Î‘ÎœÎ ÎŸÎ£','','0000-00-00'),(866,'ÎœÎ‘Î¡Î‘ÎšÎŸÎœÎ™Î§Î•Î›Î‘ÎšÎ—','Î•Î›Î Î™ÎÎ™ÎšÎ—','Î‘ÎÎ¤Î©ÎÎ™ÎŸÎ£','','0000-00-00'),(867,'ÎœÎ‘Î¤Î‘Î›Î›Î™Î©Î¤Î‘ÎšÎ—Î£','Î Î‘ÎÎ‘Î“Î™Î©Î¤Î—Î£-Î•ÎœÎœÎ‘ÎÎŸÎ¥Î—Î›','Î Î•Î¤Î¡ÎŸÎ£','','0000-00-00'),(953,'ÎœÎ‘Î¥Î¡ÎŸÎ“Î™Î‘ÎÎÎ‘ÎšÎ—Î£','Î•ÎœÎœÎ‘ÎÎŸÎ¥Î—Î›','ÎœÎ™Î§Î‘Î—Î›','','0000-00-00'),(868,'ÎœÎ‘Î¥Î¡Î‘ÎšÎ—','Î•Î¥Î‘Î“Î“Î•Î›Î™Î‘','ÎœÎ™Î§Î‘Î—Î›','','0000-00-00'),(1051,'ÎœÎ‘Î›Î›Î™Î‘Î¡Î‘ÎšÎ—','ÎœÎ‘Î¡Î™Î‘','ÎœÎ™Î§Î‘Î—Î›','','0000-00-00'),(870,'ÎœÎ•Î¡Î‘ÎœÎ’Î•Î›Î™Î©Î¤Î‘ÎšÎ—','Î‘ÎÎ¤Î©ÎÎ™Î‘','Î“Î•Î©Î¡Î“Î™ÎŸÎ£','','0000-00-00'),(869,'ÎœÎ•Î›Î™Î”ÎŸÎÎ™Î©Î¤Î—Î£','Î£Î¤Î‘Î¥Î¡ÎŸÎ£','Î•ÎœÎœÎ‘ÎÎŸÎ¥Î—Î›','','0000-00-00'),(871,'ÎœÎ™Î£ÎšÎ‘','ÎœÎ‘Î¡Î™ÎÎ‘','ÎÎ™ÎšÎŸ','','0000-00-00'),(872,'ÎœÎ™Î§Î‘Î›Î‘ÎšÎ—','ÎœÎ‘Î¡Î™Î‘','Î•ÎœÎœÎ‘ÎÎŸÎ¥Î—Î›','','0000-00-00'),(846,'Î˜Î‘ÎÎŸÎ¥','Î‘ÎÎ‘Î£Î¤Î‘Î£Î™Î‘','Î§Î¡Î—Î£Î¤ÎŸÎ£','','0000-00-00'),(845,'Î–Î—Î£Î™ÎœÎŸÎ ÎŸÎ¥Î›ÎŸÎ¥','ÎœÎ‘Î¡Î™Î‘','Î–Î—Î£Î™ÎœÎŸÎ£','','0000-00-00'),(931,'Î–Î‘Î§Î‘Î¡Î™ÎŸÎ¥Î”Î‘ÎšÎ—Î£','Î–Î‘Î§Î‘Î¡Î™Î‘Î£','Î¦Î‘ÎÎŸÎ¥Î¡Î™ÎŸÎ£','','0000-00-00'),(930,'Î–Î‘Î§Î‘Î¡Î™ÎŸÎ¥Î”Î‘ÎšÎ—Î£','Î‘ÎÎ¤Î©ÎÎ™ÎŸÎ£','Î£Î¤Î•Î¦Î‘ÎÎŸÎ£','','0000-00-00'),(990,'Î–Î‘Î§Î‘Î¡Î™ÎŸÎ¥Î”Î‘ÎšÎ—Î£','Î™Î©Î‘ÎÎÎ—Î£','ÎšÎ©ÎÎ£Î¤Î‘ÎÎ¤Î™ÎÎŸÎ£','','0000-00-00'),(844,'Î–Î•ÎÎ•Î›Î™','Î‘Î›Î’Î™','Î¡Î‘Î£Î™Îœ','','0000-00-00'),(932,'Î—Î›Î™Î‘ÎšÎ—Î£','Î˜Î•ÎŸÎ”ÎŸÎ¥Î›ÎŸÎ£','Î•ÎœÎœÎ‘ÎÎŸÎ¥Î—Î›','','0000-00-00'),(1049,'Î‘ÎÎ¤Î©ÎÎ‘ÎšÎ‘ÎšÎ—','Î”ÎŸÎžÎŸÎ¥Î›Î‘','Î£ÎŸÎ¦ÎŸÎšÎ›Î—Î£','','0000-00-00'),(923,'Î‘ÎÎ‘Î£Î¤Î‘Î£Î‘ÎšÎ—','Î•ÎœÎœÎ‘ÎÎŸÎ¥Î•Î›Î‘','Î–Î‘Î§Î‘Î¡Î™Î‘Î£','','0000-00-00'),(832,'Î‘ÎÎ”Î¡ÎŸÎ¥Î›Î‘ÎšÎ—','ÎœÎ‘Î¡Î™Î‘','ÎšÎ›Î•Î‘Î¡Î§ÎŸÎ£','','0000-00-00'),(924,'Î‘ÎÎ”Î¡ÎŸÎ¥Î›Î‘ÎšÎ—Î£','Î£Î¤Î•Î¦Î‘ÎÎŸÎ£','Î£Î‘Î’Î’Î‘Î£','','0000-00-00'),(831,'Î‘ÎÎ”Î¡Î•Î‘ÎšÎ—Î£','ÎÎ™ÎšÎŸÎ›Î‘ÎŸÎ£','Î•ÎœÎœÎ‘ÎÎŸÎ¥Î—Î›','','0000-00-00'),(1062,'Î‘Î ÎŸÎ£Î¤ÎŸÎ›Î‘ÎšÎ—','Î‘ÎÎ‘Î£Î¤Î‘Î£Î™Î‘','Î£Î¤Î¥Î›Î™Î‘ÎÎŸÎ£','','0000-00-00'),(926,'Î‘Î ÎŸÎ£Î¤ÎŸÎ›Î‘ÎšÎ—Î£','ÎœÎ™Î§Î‘Î—Î›','Î•Î¥Î‘Î“Î“Î•Î›ÎŸÎ£','','0000-00-00'),(992,'Î‘Î ÎŸÎ£Î¤ÎŸÎ›Î‘ÎšÎ—Î£','Î“Î•Î©Î¡Î“Î™ÎŸÎ£','Î‘Î ÎŸÎ£Î¤ÎŸÎ›ÎŸÎ£','','0000-00-00'),(925,'Î‘Î ÎŸÎ£Î¤ÎŸÎ›Î‘ÎšÎ—Î£','Î”Î—ÎœÎ—Î¤Î¡Î™ÎŸÎ£','ÎœÎ‘Î¡Î™ÎÎŸÎ£','','0000-00-00'),(833,'Î‘Î£ÎšÎŸÎžÎ¥Î›Î‘ÎšÎ—Î£','Î“Î•Î©Î¡Î“Î™ÎŸÎ£-Î Î•Î¤Î¡ÎŸÎ£','Î“Î•Î©Î¡Î“Î™ÎŸÎ£','','0000-00-00'),(991,'Î‘Î“Î“Î•Î›Î™Î”Î‘ÎšÎ—Î£','ÎÎ™ÎšÎŸÎ›Î‘ÎŸÎ£','Î•ÎœÎœÎ‘ÎÎŸÎ¥Î—Î›','','0000-00-00'),(922,'Î‘Î›Î•ÎžÎ‘ÎÎ”Î¡Î‘ÎšÎ—Î£','Î•ÎœÎœÎ‘ÎÎŸÎ¥Î—Î›','Î•ÎœÎœÎ‘ÎÎŸÎ¥Î—Î›','','0000-00-00'),(921,'Î‘Î›Î•Î’Î¥Î–Î‘ÎšÎ—','Î•Î¥Î‘Î“Î“Î•Î›Î™Î‘-ÎœÎ‘Î¡Î™Î‘','ÎšÎ©ÎÎ£Î¤Î‘ÎÎ¤Î™ÎÎŸÎ£','','0000-00-00'),(1020,'Î‘Î›Î•Î’Î™Î–Î‘ÎšÎ—','ÎœÎ‘Î¡Î™Î‘','Î™Î©Î‘ÎÎÎ—Î£','','0000-00-00'),(836,'Î’ÎŸÎ¥Î›Î“Î‘Î¡Î—Î£','ÎœÎ‘Î¤Î˜Î‘Î™ÎŸÎ£','ÎÎ™ÎšÎŸÎ›Î‘ÎŸÎ£','','0000-00-00'),(835,'Î’ÎŸÎ¥Î›Î“Î‘Î¡Î‘ÎšÎ—Î£','Î“Î•Î©Î¡Î“Î™ÎŸÎ£','Î‘Î¡Î™Î£Î¤Î•Î™Î”Î—Î£','','0000-00-00'),(927,'Î’Î¡Î•ÎÎ¤Î–ÎŸÎ¥','Î‘Î™ÎšÎ‘Î¤Î•Î¡Î™ÎÎ—-Î”Î—ÎœÎ—Î¤Î¡Î‘','Î˜Î©ÎœÎ‘Î£','','0000-00-00'),(834,'Î’Î‘Î£Î£Î‘Î›ÎŸÎ£','Î•Î¥Î‘Î“Î“Î•Î›ÎŸÎ£','Î™Î©Î‘ÎÎÎ—Î£','','0000-00-00'),(988,'Î’Î•ÎªÎ£Î‘ÎšÎ—Î£','ÎšÎŸÎ£ÎœÎ‘Î£','Î£Î¤Î¥Î›Î™Î‘ÎÎŸÎ£','','0000-00-00'),(1026,'Î’Î•ÎªÎ£Î‘ÎšÎ—Î£','Î£Î Î¥Î¡Î™Î”Î©Î','Î£Î¤Î•Î¦Î‘ÎÎŸÎ£','','0000-00-00'),(1027,'Î’Î›Î‘Î£Î™Î‘Î”Î—Î£','Î§Î‘Î¡Î‘Î›Î‘ÎœÎ ÎŸÎ£','Î“Î•Î©Î¡Î“Î™ÎŸÎ£','','0000-00-00'),(1028,'Î“ÎšÎŸÎ¥Î¡Î™','ÎšÎ•Î¥Î•Î¡Î™Îœ','Î–Î‘ÎœÎ Î™Î¤','','0000-00-00'),(840,'Î“ÎšÎ™Î‘Î¤Î‘','ÎÎ¤Î•ÎªÎ’Î™ÎÎ¤','Î™Î›Î™Î¡','','0000-00-00'),(989,'Î“ÎŸÎ¥Î¡Î›Î•ÎœÎ‘ÎšÎ—Î£','Î™Î©Î‘ÎÎÎ—Î£','Î•ÎœÎœÎ‘ÎÎŸÎ¥Î—Î›','','0000-00-00'),(928,'Î“ÎŸÎ¥Î›Î™Î•Î›ÎœÎ‘ÎšÎ—Î£','Î™Î©Î‘ÎÎÎ—Î£','Î•ÎœÎœÎ‘ÎÎŸÎ¥Î—Î›','','0000-00-00'),(841,'Î“Î¡Î™ÎÎ™Î‘Î¡Î‘ÎšÎ—','ÎœÎ‘Î¡Î™Î‘-Î Î•Î›Î‘Î“Î™Î‘','ÎÎ•ÎšÎ¤Î‘Î¡Î™ÎŸÎ£','','0000-00-00'),(842,'Î“Î¥Î Î‘Î¡Î‘ÎšÎ—Î£','Î£Î¤Î¥Î›Î™Î‘ÎÎŸÎ£','Î•ÎœÎœÎ‘ÎÎŸÎ¥Î—Î›','','0000-00-00'),(999,'Î“Î‘Î›Î‘ÎÎŸÎ£','ÎœÎ‘Î¡Î™ÎŸÎ£','ÎšÎ©ÎÎ£Î¤Î‘ÎÎ¤Î™ÎÎŸÎ£','','0000-00-00'),(837,'Î“Î•Î©Î¡Î“Î‘Î›Î—','ÎšÎ‘Î›Î›Î™ÎŸÎ Î—','Î“Î•Î©Î¡Î“Î™ÎŸÎ£','','0000-00-00'),(839,'Î“Î™Î‘Î£Î‘Î¦Î‘ÎšÎ—','Î£Î¤Î¥Î›Î™Î‘ÎÎ—','ÎšÎ©ÎÎ£Î¤Î‘ÎÎ¤Î™ÎÎŸÎ£','','0000-00-00'),(838,'Î“Î™Î‘Î£Î‘Î¦Î‘ÎšÎ—','Î•Î™Î¡Î—ÎÎ—','Î Î‘ÎÎ‘Î“Î™Î©Î¤Î—Î£','','0000-00-00'),(929,'Î”Î¡ÎŸÎ¥Î“ÎšÎ‘ÎšÎ—Î£','Î“Î•Î©Î¡Î“Î™ÎŸÎ£','Î™Î©Î‘ÎÎÎ—Î£','','0000-00-00'),(1029,'Î”Î—Î›Î‘Î’Î•Î¡Î‘ÎšÎ—Î£','Î Î‘ÎÎ‘Î“Î™Î©Î¤Î—Î£','Î“Î•Î©Î¡Î“Î™ÎŸÎ£','','0000-00-00'),(1063,'Î”Î‘Î¡Î™Î’Î™Î‘ÎÎ†ÎšÎ—','Î‘Î¡Î™Î£Î¤Î•Î‘','Î”Î—ÎœÎ—Î¤Î¡Î™ÎŸÎ£','','0000-00-00'),(843,'Î”Î‘Î£ÎšÎ‘Î›Î‘ÎšÎ—Î£','Î‘ÎÎ¤Î©ÎÎ™ÎŸÎ£','Î“Î•Î©Î¡Î“Î™ÎŸÎ£','','0000-00-00'),(1013,'Î”Î‘Î£ÎšÎ‘Î›Î‘ÎšÎ—Î£','Î•Î¥Î‘Î“Î“Î•Î›ÎŸÎ£','Î£Î©ÎšÎ¡Î‘Î¤Î—Î£','','0000-00-00'),(1000,'Î”Î‘ÎœÎ™Î‘ÎÎ‘ÎšÎ—Î£','Î“Î•Î©Î¡Î“Î™ÎŸÎ£','ÎšÎ©ÎÎ£Î¤Î‘ÎÎ¤Î™ÎÎŸÎ£','','0000-00-00'),(863,'Î›ÎŸÎ¥Î›ÎŸÎ¥Î”Î‘ÎšÎ—','ÎœÎ‘Î¡Î™Î‘','ÎœÎ™Î§Î‘Î—Î›','','0000-00-00'),(1067,'Î›Î‘ÎÎ¤Î–ÎŸÎ¥Î¡Î‘ÎšÎ—','ÎœÎ‘Î¡Î™ÎÎ‘','Î£Î¤Î‘Î¥Î¡ÎŸÎ£','','0000-00-00'),(859,'Î›Î‘ÎœÎšÎ™Î‘','Î•ÎœÎ™Î›Î™Î‘ÎÎŸ','Î‘Î“ÎšÎ™Îœ','','0000-00-00'),(860,'Î›Î‘ÎœÎ Î¡Î‘ÎšÎ—Î£','Î˜Î©ÎœÎ‘Î£','Î“Î•Î©Î¡Î“Î™ÎŸÎ£','','0000-00-00'),(946,'Î›Î‘ÎœÎ Î¡Î‘ÎšÎ—Î£','Î•ÎœÎœÎ‘ÎÎŸÎ¥Î—Î›','Î™Î©Î‘ÎÎÎ—Î£','','0000-00-00'),(861,'Î›Î•ÎšÎ‘ÎšÎ—','Î‘Î™ÎšÎ‘Î¤Î•Î¡Î™ÎÎ—-Î£Î¤Î¥Î›Î™Î‘ÎÎ—','Î“Î•Î©Î¡Î“Î™ÎŸÎ£','','0000-00-00'),(948,'Î›Î•ÎŸÎÎ¤Î‘Î¡Î‘ÎšÎ—Î£','Î›Î•Î©ÎÎ™Î”Î‘Î£','Î™Î©Î‘ÎÎÎ—Î£','','0000-00-00'),(947,'Î›Î•ÎœÎŸÎÎ‘ÎšÎ—','ÎšÎ‘Î¤Î•Î¡Î™ÎÎ‘','Î‘ÎÎ¤Î©ÎÎ™ÎŸÎ£','','0000-00-00'),(1039,'Î›Î•ÎœÎŸÎÎ‘ÎšÎ—Î£','Î”Î—ÎœÎ—Î¤Î¡Î™ÎŸÎ£','Î£Î¤Î•Î¦Î‘ÎÎŸÎ£','','0000-00-00'),(950,'Î›Î™ÎŸÎÎ‘ÎšÎ—Î£','ÎÎ•ÎšÎ¤Î‘Î¡Î™ÎŸÎ£','Î§Î¡Î—Î£Î¤ÎŸÎ£','','0000-00-00'),(862,'Î›Î™Î‘ÎÎŸÎ¥Î”Î‘ÎšÎ—','Î•Î›Î Î™ÎÎ™ÎšÎ—','Î”Î—ÎœÎ—Î¤Î¡Î™ÎŸÎ£','','0000-00-00'),(949,'Î›Î™Î‘ÎÎŸÎ¥Î”Î‘ÎšÎ—Î£','Î¦Î‘ÎÎŸÎ¥Î¡Î™ÎŸÎ£','Î–Î‘Î§Î‘Î¡Î™Î‘Î£','','0000-00-00'),(1030,'Î™Î•Î¡Î©ÎÎ¥ÎœÎ‘ÎšÎ—Î£','Î“Î•Î©Î¡Î“Î™ÎŸÎ£','ÎšÎ©ÎÎ£Î¤Î‘ÎÎ¤Î™ÎÎŸÎ£','','0000-00-00');
/*!40000 ALTER TABLE `STUDENTS` ENABLE KEYS */;
UNLOCK TABLES;

--
-- Table structure for table `TEACHERS`
--

DROP TABLE IF EXISTS `TEACHERS`;
/*!40101 SET @saved_cs_client     = @@character_set_client */;
/*!40101 SET character_set_client = utf8 */;
CREATE TABLE `TEACHERS` (
  `id` int(11) NOT NULL AUTO_INCREMENT,
  `lastname` varchar(100) NOT NULL,
  `firstname` varchar(100) DEFAULT NULL,
  `fathername` varchar(100) DEFAULT NULL,
  `mothername` varchar(100) DEFAULT NULL,
  `username` varchar(100) DEFAULT NULL,
  `isadmin` smallint(6) DEFAULT '0',
  PRIMARY KEY (`id`),
  UNIQUE KEY `username` (`username`)
) ENGINE=InnoDB AUTO_INCREMENT=313 DEFAULT CHARSET=utf8;
/*!40101 SET character_set_client = @saved_cs_client */;

--
-- Dumping data for table `TEACHERS`
--

LOCK TABLES `TEACHERS` WRITE;
/*!40000 ALTER TABLE `TEACHERS` DISABLE KEYS */;
INSERT INTO `TEACHERS` VALUES (257,'ÎšÎ©Î£Î¤Î‘ÎšÎ—Î£ ÎœÎ™Î§Î‘Î—Î›','','','','ÎšÎ©Î£Î¤Î‘ÎšÎ—Î£ ÎœÎ™Î§Î‘Î—Î›',0),(258,'Î¡Î‘Î’Î‘ÎÎ™Î”ÎŸÎ¥ Î˜Î•ÎŸÎ¦Î‘ÎÎ—','','','','Î¡Î‘Î’Î‘ÎÎ™Î”ÎŸÎ¥ Î˜Î•ÎŸÎ¦Î‘ÎÎ—',0),(259,'ÎÎ‘ÎÎŸÎ¥ Î§Î¡Î¥Î£Î—','','','','ÎÎ‘ÎÎŸÎ¥ Î§Î¡Î¥Î£Î—',0),(260,'Î£Î¤Î‘ÎœÎ‘Î¤Î‘ÎšÎ—Î£ Î”Î—ÎœÎ—Î¤Î¡Î™ÎŸÎ£','','','','Î£Î¤Î‘ÎœÎ‘Î¤Î‘ÎšÎ—Î£ Î”Î—ÎœÎ—Î¤Î¡Î™ÎŸÎ£',0),(261,'Î Î™Î Î•Î¡Î‘ÎšÎ— Î•Î¥Î‘Î“Î“Î•Î›Î™Î‘','','','','Î Î™Î Î•Î¡Î‘ÎšÎ— Î•Î¥Î‘Î“Î“Î•Î›Î™Î‘',0),(262,'Î Î‘Î¤Î•Î¡Î‘ÎšÎ— Î›ÎŸÎ¥Î™Î–Î‘','','','','Î Î‘Î¤Î•Î¡Î‘ÎšÎ— Î›ÎŸÎ¥Î™Î–Î‘',0),(263,'Î’ÎŸÎ¥Î›Î“Î‘Î¡Î—Î£ ÎÎ™ÎšÎŸÎ›Î‘ÎŸÎ£','','','','Î’ÎŸÎ¥Î›Î“Î‘Î¡Î—Î£ ÎÎ™ÎšÎŸÎ›Î‘ÎŸÎ£',0),(264,'Î”Î™ÎŸÎÎ•Î›Î›Î— ÎÎ•ÎšÎ¤Î‘Î¡Î™Î‘','','','','Î”Î™ÎŸÎÎ•Î›Î›Î— ÎÎ•ÎšÎ¤Î‘Î¡Î™Î‘',0),(265,'ÎšÎ‘Î¡Î‘ÎšÎ‘ÎÎ¤Î–ÎŸÎ¥ ÎœÎ‘Î¡ÎšÎ‘ÎšÎ— Î’Î‘Î£Î™Î›Î™ÎšÎ—','','','','ÎšÎ‘Î¡Î‘ÎšÎ‘ÎÎ¤Î–ÎŸÎ¥ ÎœÎ‘Î¡ÎšÎ‘ÎšÎ— Î’Î‘Î£Î™Î›Î™ÎšÎ—',0),(266,'Î¤Î‘Î¤Î‘Î¡Î‘ÎšÎ— ÎŸÎ¥Î¡Î‘ÎÎ™Î‘','','','','Î¤Î‘Î¤Î‘Î¡Î‘ÎšÎ— ÎŸÎ¥Î¡Î‘ÎÎ™Î‘',0),(267,'Î˜Î•ÎŸÎ”Î©Î¡Î‘ÎšÎ— Î‘ÎÎÎ‘','','','','Î˜Î•ÎŸÎ”Î©Î¡Î‘ÎšÎ— Î‘ÎÎÎ‘',0),(268,'Î‘ÎÎ•Î£Î¤Î—Î£ Î‘Î˜Î‘ÎÎ‘Î£Î™ÎŸÎ£','','','','Î‘ÎÎ•Î£Î¤Î—Î£ Î‘Î˜Î‘ÎÎ‘Î£Î™ÎŸÎ£',0),(269,'Î§Î‘Î¡Î‘Î›Î‘ÎœÎ ÎŸÎ ÎŸÎ¥Î›ÎŸÎ¥ ÎšÎ©Î/ÎÎ‘','','','','Î§Î‘Î¡Î‘Î›Î‘ÎœÎ ÎŸÎ ÎŸÎ¥Î›ÎŸÎ¥ ÎšÎ©Î/ÎÎ‘',0),(270,'Î¤Î¡ÎŸÎ¥Î›Î›Î™ÎÎŸÎ£ Î“Î•Î©Î¡Î“Î™ÎŸÎ£','','','','Î¤Î¡ÎŸÎ¥Î›Î›Î™ÎÎŸÎ£ Î“Î•Î©Î¡Î“Î™ÎŸÎ£',0),(271,'ÎšÎ‘Î’Î’Î‘Î”Î™Î‘Î£ Î“Î•Î¡Î‘Î£Î™ÎœÎŸÎ£','','','','ÎšÎ‘Î’Î’Î‘Î”Î™Î‘Î£ Î“Î•Î¡Î‘Î£Î™ÎœÎŸÎ£',0),(272,'Î§Î‘Î¡Î™Î¤Î‘ÎšÎ—Î£ Î™Î©Î‘ÎÎÎ—Î£','','','','Î§Î‘Î¡Î™Î¤Î‘ÎšÎ—Î£ Î™Î©Î‘ÎÎÎ—Î£',0),(273,'Î Î‘Î¤Î£Î™Î‘ÎÎ©Î¤Î‘ÎšÎ— Î™Î©Î‘ÎÎÎ‘','','','','Î Î‘Î¤Î£Î™Î‘ÎÎ©Î¤Î‘ÎšÎ— Î™Î©Î‘ÎÎÎ‘',0),(274,'Î”Î—ÎœÎŸÎ¥ Î•Î¥Î˜Î¥ÎœÎ™Î‘','','','','Î”Î—ÎœÎŸÎ¥ Î•Î¥Î˜Î¥ÎœÎ™Î‘',0),(275,'Î‘Î¥Î“ÎŸÎ¥Î£Î¤Î‘ÎšÎ— Î•Î™Î¡Î—ÎÎ—','','','','Î‘Î¥Î“ÎŸÎ¥Î£Î¤Î‘ÎšÎ— Î•Î™Î¡Î—ÎÎ—',0),(276,'Î”Î—ÎœÎ‘ÎÎŸÎ ÎŸÎ¥Î›ÎŸÎ£ Î£Î Î¥Î¡Î™Î”Î©Î','','','','Î”Î—ÎœÎ‘ÎÎŸÎ ÎŸÎ¥Î›ÎŸÎ£ Î£Î Î¥Î¡Î™Î”Î©Î',0),(277,'ÎœÎ ÎŸÎ¥Î¡ÎÎ‘Î–Î‘ÎšÎ—Î£ Î•ÎœÎœÎ‘ÎÎŸÎ¥Î—Î›','','','','ÎœÎ ÎŸÎ¥Î¡ÎÎ‘Î–Î‘ÎšÎ—Î£ Î•ÎœÎœÎ‘ÎÎŸÎ¥Î—Î›',0),(278,'Î‘Î›Î•ÎžÎ‘ÎÎ”Î¡Î‘ÎšÎ— Î•Î™Î¡Î—ÎÎ—','','','','Î‘Î›Î•ÎžÎ‘ÎÎ”Î¡Î‘ÎšÎ— Î•Î™Î¡Î—ÎÎ—',0),(279,'Î£Î¤Î¡Î‘Î¤Î‘ÎšÎ—Î£ ÎšÎ©Î£Î¤Î‘ÎÎ¤Î™ÎÎŸÎ£','','','','Î£Î¤Î¡Î‘Î¤Î‘ÎšÎ—Î£ ÎšÎ©Î£Î¤Î‘ÎÎ¤Î™ÎÎŸÎ£',0),(280,'Î Î™ÎšÎ•Î‘ Î§Î‘Î¡Î‘Î›Î‘ÎœÎ Î™Î‘','','','','Î Î™ÎšÎ•Î‘ Î§Î‘Î¡Î‘Î›Î‘ÎœÎ Î™Î‘',0),(281,'Î¤Î–Î•Î”Î‘ÎšÎ— ÎœÎ‘Î¡Î™Î‘','','','','Î¤Î–Î•Î”Î‘ÎšÎ— ÎœÎ‘Î¡Î™Î‘',0),(282,'Î‘Î ÎŸÎ£Î¤ÎŸÎ›Î‘ÎšÎ—Î£ Î“Î•Î©Î¡Î“Î™ÎŸÎ£','','','','Î‘Î ÎŸÎ£Î¤ÎŸÎ›Î‘ÎšÎ—Î£ Î“Î•Î©Î¡Î“Î™ÎŸÎ£',0),(283,'Î Î‘Î Î‘Î”Î‘ÎšÎ— Î—Î›Î™Î‘Î”ÎŸÎ¥ Î§Î‘Î¡Î‘','','','','Î Î‘Î Î‘Î”Î‘ÎšÎ— Î—Î›Î™Î‘Î”ÎŸÎ¥ Î§Î‘Î¡Î‘',0),(284,'Î Î•Î¤Î¡Î‘ÎšÎ— Î£Î¤Î¥Î›Î™Î‘ÎÎ—','','','','Î Î•Î¤Î¡Î‘ÎšÎ— Î£Î¤Î¥Î›Î™Î‘ÎÎ—',0),(285,'Î“Î™Î‘ÎšÎŸÎ¥ÎœÎ‘ÎšÎ—Î£ Î“Î•Î©Î¡Î“Î™ÎŸÎ£','','','','Î“Î™Î‘ÎšÎŸÎ¥ÎœÎ‘ÎšÎ—Î£ Î“Î•Î©Î¡Î“Î™ÎŸÎ£',0),(286,'Î ÎŸÎ¥Î›Î™ÎŸÎ¥ Î“Î•Î©Î¡Î“Î™Î‘','','','','Î ÎŸÎ¥Î›Î™ÎŸÎ¥ Î“Î•Î©Î¡Î“Î™Î‘',0),(287,'Î”Î¡Î‘Î“ÎŸÎ¥ÎœÎ‘ÎÎ‘ÎšÎ—Î£ Î‘Î›Î•ÎžÎ‘ÎÎ”Î¡ÎŸÎ£','','','','Î”Î¡Î‘Î“ÎŸÎ¥ÎœÎ‘ÎÎ‘ÎšÎ—Î£ Î‘Î›Î•ÎžÎ‘ÎÎ”Î¡ÎŸÎ£',0),(288,'Î›Î•ÎœÎŸÎÎ‘ÎšÎ—Î£ Î“Î•Î©Î¡Î“Î™ÎŸÎ£','','','','Î›Î•ÎœÎŸÎÎ‘ÎšÎ—Î£ Î“Î•Î©Î¡Î“Î™ÎŸÎ£',0),(289,'ÎœÎ‘ÎšÎ¡Î— Î‘ÎÎÎ‘','','','','ÎœÎ‘ÎšÎ¡Î— Î‘ÎÎÎ‘',0),(290,'Î§Î¡Î—Î£Î¤Î‘ÎšÎ—Î£ ÎÎ™ÎšÎŸÎ›Î‘ÎŸÎ£','','','','Î§Î¡Î—Î£Î¤Î‘ÎšÎ—Î£ ÎÎ™ÎšÎŸÎ›Î‘ÎŸÎ£',0),(291,'Î Î›Î‘Î£Î¤Î‘Î¡Î‘ Î‘Î™ÎšÎ‘Î¤Î•Î¡Î™ÎÎ—','','','','Î Î›Î‘Î£Î¤Î‘Î¡Î‘ Î‘Î™ÎšÎ‘Î¤Î•Î¡Î™ÎÎ—',0),(292,'Î¦Î¡Î‘Î“ÎšÎ™Î‘Î”Î‘ÎšÎ—Î£ ÎÎ™ÎšÎŸÎ›Î‘ÎŸÎ£','','','','Î¦Î¡Î‘Î“ÎšÎ™Î‘Î”Î‘ÎšÎ—Î£ ÎÎ™ÎšÎŸÎ›Î‘ÎŸÎ£',0),(293,'ÎœÎ‘Î¥Î¡ÎŸÎ¥Î”Î‘ÎšÎ— Î•Î¥Î¤Î¥Î§Î™Î‘','','','','ÎœÎ‘Î¥Î¡ÎŸÎ¥Î”Î‘ÎšÎ— Î•Î¥Î¤Î¥Î§Î™Î‘',0),(294,'Î”Î™Î‘ÎœÎ‘ÎÎ¤Î‘ÎšÎ—Î£ Î™Î©Î‘ÎÎÎ—Î£','','','','Î”Î™Î‘ÎœÎ‘ÎÎ¤Î‘ÎšÎ—Î£ Î™Î©Î‘ÎÎÎ—Î£',0),(295,'ÎšÎŸÎ¥KOYMÎ¤Î–Î—Î£ Î Î‘ÎÎ‘Î“Î™Î©Î¤Î—Î£','','','','ÎšÎŸÎ¥KOYMÎ¤Î–Î—Î£ Î Î‘ÎÎ‘Î“Î™Î©Î¤Î—Î£',0),(296,'ÎÎ¤Î•Î¡Î¤Î–Î‘ÎšÎ— ÎŸÎ›Î¥ÎœÎ Î™Î‘','','','','ÎÎ¤Î•Î¡Î¤Î–Î‘ÎšÎ— ÎŸÎ›Î¥ÎœÎ Î™Î‘',0),(297,'Î–Î™ÎŸÎ¥Î–Î™Î‘ ÎœÎ‘Î¡Î™Î‘','','','','Î–Î™ÎŸÎ¥Î–Î™Î‘ ÎœÎ‘Î¡Î™Î‘',0),(298,'ÎšÎŸÎ”Î•Î›Î›Î‘Î£ Î˜Î•ÎŸÎ”Î©Î¡ÎŸÎ£','','','','ÎšÎŸÎ”Î•Î›Î›Î‘Î£ Î˜Î•ÎŸÎ”Î©Î¡ÎŸÎ£',0),(299,'ÎšÎ‘ÎœÎ ÎŸÎ¥Î¡Î‘ÎšÎ—Î£ Î•ÎœÎœÎ‘ÎÎŸÎ¥Î—Î›','','','','ÎšÎ‘ÎœÎ ÎŸÎ¥Î¡Î‘ÎšÎ—Î£ Î•ÎœÎœÎ‘ÎÎŸÎ¥Î—Î›',0),(300,'ÎšÎ‘Î”Î™Î‘ÎÎ‘ÎšÎ—Î£ Î›Î‘ÎœÎ Î¡ÎŸÎ£','','','','ÎšÎ‘Î”Î™Î‘ÎÎ‘ÎšÎ—Î£ Î›Î‘ÎœÎ Î¡ÎŸÎ£',0),(301,'ÎšÎŸÎÎ¤Î–Î‘ÎœÎ Î‘Î£Î‘ÎšÎ—Î£ ÎÎ™ÎšÎŸÎ›Î‘ÎŸÎ£','','','','ÎšÎŸÎÎ¤Î–Î‘ÎœÎ Î‘Î£Î‘ÎšÎ—Î£ ÎÎ™ÎšÎŸÎ›Î‘ÎŸÎ£',0),(302,'Î ÎŸÎ¥Î›ÎŸÎ¥Î¤Î™Î”ÎŸÎ¥ Î“Î•Î©Î¡Î“Î™Î‘','','','','Î ÎŸÎ¥Î›ÎŸÎ¥Î¤Î™Î”ÎŸÎ¥ Î“Î•Î©Î¡Î“Î™Î‘',0),(303,'Î‘ÎÎ¤Î©ÎÎ‘ÎšÎ‘ÎšÎ—Î£ ÎšÎ©ÎÎ£Î¤Î‘ÎÎ¤Î™ÎÎŸÎ£','','','','Î‘ÎÎ¤Î©ÎÎ‘ÎšÎ‘ÎšÎ—Î£ ÎšÎ©ÎÎ£Î¤Î‘ÎÎ¤Î™ÎÎŸÎ£',0),(304,'Î–Î•Î‘ÎšÎ—Î£ Î“Î•Î©Î¡Î“Î™ÎŸÎ£','','','','Î–Î•Î‘ÎšÎ—Î£ Î“Î•Î©Î¡Î“Î™ÎŸÎ£',0),(305,'Î¤Î–ÎŸÎ“Î‘ÎÎ‘ÎšÎ—Î£ ÎšÎ©ÎÎ£Î¤Î‘ÎÎ¤Î™ÎÎŸÎ£','','','','Î¤Î–ÎŸÎ“Î‘ÎÎ‘ÎšÎ—Î£ ÎšÎ©ÎÎ£Î¤Î‘ÎÎ¤Î™ÎÎŸÎ£',0),(306,'Î¤Î£Î™Î¤Î£Î™ÎœÎ Î•ÎŸÎ£ Î‘Î£Î¤Î•Î¡Î™ÎŸÎ£','','','','Î¤Î£Î™Î¤Î£Î™ÎœÎ Î•ÎŸÎ£ Î‘Î£Î¤Î•Î¡Î™ÎŸÎ£',0),(307,'Î¤Î£Î™Î¤Î£Î™ÎœÎ Î•ÎŸÎ£ Î‘Î£Î¤Î•Î¡Î™ÎŸÎ£, Î¤Î–ÎŸÎ“Î‘ÎÎ‘ÎšÎ—Î£ ÎšÎ©ÎÎ£Î¤Î‘ÎÎ¤Î™ÎÎŸÎ£','','','','Î¤Î£Î™Î¤Î£Î™ÎœÎ Î•ÎŸÎ£ Î‘Î£Î¤Î•Î¡Î™ÎŸÎ£, Î¤Î–ÎŸÎ“Î‘ÎÎ‘ÎšÎ—Î£ ÎšÎ©ÎÎ£Î¤Î‘ÎÎ¤Î™ÎÎŸÎ£',0),(308,'Î¤Î£Î™Î¤Î£Î™ÎœÎ Î•ÎŸÎ£ Î‘Î£Î¤Î•Î¡Î™ÎŸÎ£, Î ÎŸÎ¥Î›ÎŸÎ¥Î¤Î™Î”ÎŸÎ¥ Î“Î•Î©Î¡Î“Î™Î‘','','','','Î¤Î£Î™Î¤Î£Î™ÎœÎ Î•ÎŸÎ£ Î‘Î£Î¤Î•Î¡Î™ÎŸÎ£, Î ÎŸÎ¥Î›ÎŸÎ¥Î¤Î™Î”ÎŸÎ¥ Î“Î•Î©Î¡Î“Î™Î‘',0),(309,'Î ÎŸÎ¥Î›ÎŸÎ¥Î¤Î™Î”ÎŸÎ¥ Î“Î•Î©Î¡Î“Î™Î‘, Î§Î¡Î—Î£Î¤Î‘ÎšÎ—Î£ ÎÎ™ÎšÎŸÎ›Î‘ÎŸÎ£','','','','Î ÎŸÎ¥Î›ÎŸÎ¥Î¤Î™Î”ÎŸÎ¥ Î“Î•Î©Î¡Î“Î™Î‘, Î§Î¡Î—Î£Î¤Î‘ÎšÎ—Î£ ÎÎ™ÎšÎŸÎ›Î‘ÎŸÎ£',0),(310,'ÎšÎŸÎ¤Î¡Î©ÎÎ‘ÎšÎ—Î£ Î“Î•Î©Î¡Î“Î™ÎŸÎ£','','','','ÎšÎŸÎ¤Î¡Î©ÎÎ‘ÎšÎ—Î£ Î“Î•Î©Î¡Î“Î™ÎŸÎ£',0),(311,'Î˜Î•ÎŸÎ§Î‘Î¡Î— Î•Î¥Î‘Î“Î“Î•Î›Î™Î‘','','','','Î˜Î•ÎŸÎ§Î‘Î¡Î— Î•Î¥Î‘Î“Î“Î•Î›Î™Î‘',0),(312,'','','','','',0);
/*!40000 ALTER TABLE `TEACHERS` ENABLE KEYS */;
UNLOCK TABLES;

--
-- Table structure for table `USERS`
--

DROP TABLE IF EXISTS `USERS`;
/*!40101 SET @saved_cs_client     = @@character_set_client */;
/*!40101 SET character_set_client = utf8 */;
CREATE TABLE `USERS` (
  `id` int(11) NOT NULL AUTO_INCREMENT,
  `username` varchar(100) NOT NULL,
  `password` varchar(100) NOT NULL,
  `isadmin` smallint(6) DEFAULT '0',
  `school_id` int(11) NOT NULL,
  PRIMARY KEY (`id`),
  UNIQUE KEY `username` (`username`),
  KEY `USERS_ibfk_1` (`school_id`),
  CONSTRAINT `USERS_ibfk_1` FOREIGN KEY (`school_id`) REFERENCES `SCHOOLS` (`id`) ON DELETE CASCADE ON UPDATE CASCADE
) ENGINE=InnoDB AUTO_INCREMENT=7 DEFAULT CHARSET=utf8;
/*!40101 SET character_set_client = @saved_cs_client */;

--
-- Dumping data for table `USERS`
--

LOCK TABLES `USERS` WRITE;
/*!40000 ALTER TABLE `USERS` DISABLE KEYS */;
/*!40000 ALTER TABLE `USERS` ENABLE KEYS */;
UNLOCK TABLES;
/*!40103 SET TIME_ZONE=@OLD_TIME_ZONE */;

/*!40101 SET SQL_MODE=@OLD_SQL_MODE */;
/*!40014 SET FOREIGN_KEY_CHECKS=@OLD_FOREIGN_KEY_CHECKS */;
/*!40014 SET UNIQUE_CHECKS=@OLD_UNIQUE_CHECKS */;
/*!40101 SET CHARACTER_SET_CLIENT=@OLD_CHARACTER_SET_CLIENT */;
/*!40101 SET CHARACTER_SET_RESULTS=@OLD_CHARACTER_SET_RESULTS */;
/*!40101 SET COLLATION_CONNECTION=@OLD_COLLATION_CONNECTION */;
/*!40111 SET SQL_NOTES=@OLD_SQL_NOTES */;

-- Dump completed on 2014-04-13  8:50:24
